Workbook

Sheet Sheet1
A1: 📊 OIL ANALYSIS – EQUIPMENT DIAGNOSTIC DASHBOARD
A2: Select equipment from the dropdown below — all readings, KPIs, and recommendations update automatically
A4: SELECT EQUIPMENT: | B4: R2.432.KB101(1) | F4: ⬆ Click the cell above and choose from the dropdown list to switch equipment
A6: Asset ID: | B6: {=XLOOKUP(B4,'Equipment Registry'!A2:A1016,'Equipment Registry'!C2:C1016)} -> 40104806 | C6: Description: | D6: {=IFERROR(INDEX('_lookup'!$C:$C,MATCH($B$4,'_lookup'!$A:$A,0)),"")} | G6: Manufacturer: | H6: {=IFERROR(INDEX('_lookup'!$D:$D,MATCH($B$4,'_lookup'!$A:$A,0)),"")} | J6: Model: | K6: {=IFERROR(INDEX('_lookup'!$E:$E,MATCH($B$4,'_lookup'!$A:$A,0)),"")} | M6: Lubricant: | N6: {=IFERROR(INDEX('_lookup'!$F:$F,MATCH($B$4,'_lookup'!$A:$A,0)),"")} | P6: Visc Type: | Q6: {=IFERROR(INDEX('_lookup'!$G:$G,MATCH($B$4,'_lookup'!$A:$A,0)),"")}
A8: Latest Date | C8: Latest Sample | E8: Overall Status | G8: Viscosity | I8: TAN | K8: Water (Vol%) | M8: Fe Iron (ppm) | O8: Cu Copper | Q8: Si Silicon
A9: {=IFERROR(INDEX('_lookup'!$I:$I,MATCH($B$4,'_lookup'!$A:$A,0)),"")} | C9: {=IFERROR(INDEX('_lookup'!$J:$J,MATCH($B$4,'_lookup'!$A:$A,0)),"")} | E9: {=IFERROR(INDEX('_lookup'!$H:$H,MATCH($B$4,'_lookup'!$A:$A,0)),"")} | G9: {=IFERROR(INDEX('_lookup'!$K:$K,MATCH($B$4,'_lookup'!$A:$A,0)),"")} | I9: {=IFERROR(INDEX('_lookup'!$L:$L,MATCH($B$4,'_lookup'!$A:$A,0)),"")} | K9: {=IFERROR(INDEX('_lookup'!$M:$M,MATCH($B$4,'_lookup'!$A:$A,0)),"")} | M9: {=IFERROR(INDEX('_lookup'!$N:$N,MATCH($B$4,'_lookup'!$A:$A,0)),"")} | O9: {=IFERROR(INDEX('_lookup'!$O:$O,MATCH($B$4,'_lookup'!$A:$A,0)),"")} | Q9: {=IFERROR(INDEX('_lookup'!$P:$P,MATCH($B$4,'_lookup'!$A:$A,0)),"")}
A12: Sample Date | B12: Sample ID | C12: Status | D12: Cont. Rating | E12: Equip. Rating | F12: Lub. Rating | G12: PQ Index | H12: Viscosity (cSt) | I12: TAN (mgKOH/g) | J12: Water (Vol%) | K12: Fe Iron (ppm) | L12: Cu Copper (ppm) | M12: Si Silicon (ppm) | N12: Al Alum. (ppm) | O12: P Phosph. (ppm) | P12: Oxidation (Ab/cm)
A13: {=IFERROR(INDEX('_samples'!$B:$B,SMALL(IF('_samples'!$A:$A=$B$4,ROW('_samples'!$A:$A)),1)),"")} | B13: {=IFERROR(INDEX('_samples'!$C:$C,SMALL(IF('_samples'!$A:$A=$B$4,ROW('_samples'!$A:$A)),1)),"")} | C13: {=IFERROR(INDEX('_samples'!$D:$D,SMALL(IF('_samples'!$A:$A=$B$4,ROW('_samples'!$A:$A)),1)),"")} | D13: {=IFERROR(INDEX('_samples'!$E:$E,SMALL(IF('_samples'!$A:$A=$B$4,ROW('_samples'!$A:$A)),1)),"")} | E13: {=IFERROR(INDEX('_samples'!$F:$F,SMALL(IF('_samples'!$A:$A=$B$4,ROW('_samples'!$A:$A)),1)),"")} | F13: {=IFERROR(INDEX('_samples'!$G:$G,SMALL(IF('_samples'!$A:$A=$B$4,ROW('_samples'!$A:$A)),1)),"")} | G13: {=IFERROR(INDEX('_samples'!$H:$H,SMALL(IF('_samples'!$A:$A=$B$4,ROW('_samples'!$A:$A)),1)),"")} | H13: {=IFERROR(INDEX('_samples'!$I:$I,SMALL(IF('_samples'!$A:$A=$B$4,ROW('_samples'!$A:$A)),1)),"")} | I13: {=IFERROR(INDEX('_samples'!$J:$J,SMALL(IF('_samples'!$A:$A=$B$4,ROW('_samples'!$A:$A)),1)),"")} | J13: {=IFERROR(INDEX('_samples'!$K:$K,SMALL(IF('_samples'!$A:$A=$B$4,ROW('_samples'!$A:$A)),1)),"")} | K13: {=IFERROR(INDEX('_samples'!$L:$L,SMALL(IF('_samples'!$A:$A=$B$4,ROW('_samples'!$A:$A)),1)),"")} | L13: {=IFERROR(INDEX('_samples'!$M:$M,SMALL(IF('_samples'!$A:$A=$B$4,ROW('_samples'!$A:$A)),1)),"")} | M13: {=IFERROR(INDEX('_samples'!$N:$N,SMALL(IF('_samples'!$A:$A=$B$4,ROW('_samples'!$A:$A)),1)),"")} | N13: {=IFERROR(INDEX('_samples'!$O:$O,SMALL(IF('_samples'!$A:$A=$B$4,ROW('_samples'!$A:$A)),1)),"")} | O13: {=IFERROR(INDEX('_samples'!$P:$P,SMALL(IF('_samples'!$A:$A=$B$4,ROW('_samples'!$A:$A)),1)),"")} | P13: {=IFERROR(INDEX('_samples'!$R:$R,SMALL(IF('_samples'!$A:$A=$B$4,ROW('_samples'!$A:$A)),1)),"")}
A14: {=IFERROR(INDEX('_samples'!$B:$B,SMALL(IF('_samples'!$A:$A=$B$4,ROW('_samples'!$A:$A)),2)),"")} | B14: {=IFERROR(INDEX('_samples'!$C:$C,SMALL(IF('_samples'!$A:$A=$B$4,ROW('_samples'!$A:$A)),2)),"")} | C14: {=IFERROR(INDEX('_samples'!$D:$D,SMALL(IF('_samples'!$A:$A=$B$4,ROW('_samples'!$A:$A)),2)),"")} | D14: {=IFERROR(INDEX('_samples'!$E:$E,SMALL(IF('_samples'!$A:$A=$B$4,ROW('_samples'!$A:$A)),2)),"")} | E14: {=IFERROR(INDEX('_samples'!$F:$F,SMALL(IF('_samples'!$A:$A=$B$4,ROW('_samples'!$A:$A)),2)),"")} | F14: {=IFERROR(INDEX('_samples'!$G:$G,SMALL(IF('_samples'!$A:$A=$B$4,ROW('_samples'!$A:$A)),2)),"")} | G14: {=IFERROR(INDEX('_samples'!$H:$H,SMALL(IF('_samples'!$A:$A=$B$4,ROW('_samples'!$A:$A)),2)),"")} | H14: {=IFERROR(INDEX('_samples'!$I:$I,SMALL(IF('_samples'!$A:$A=$B$4,ROW('_samples'!$A:$A)),2)),"")} | I14: {=IFERROR(INDEX('_samples'!$J:$J,SMALL(IF('_samples'!$A:$A=$B$4,ROW('_samples'!$A:$A)),2)),"")} | J14: {=IFERROR(INDEX('_samples'!$K:$K,SMALL(IF('_samples'!$A:$A=$B$4,ROW('_samples'!$A:$A)),2)),"")} | K14: {=IFERROR(INDEX('_samples'!$L:$L,SMALL(IF('_samples'!$A:$A=$B$4,ROW('_samples'!$A:$A)),2)),"")} | L14: {=IFERROR(INDEX('_samples'!$M:$M,SMALL(IF('_samples'!$A:$A=$B$4,ROW('_samples'!$A:$A)),2)),"")} | M14: {=IFERROR(INDEX('_samples'!$N:$N,SMALL(IF('_samples'!$A:$A=$B$4,ROW('_samples'!$A:$A)),2)),"")} | N14: {=IFERROR(INDEX('_samples'!$O:$O,SMALL(IF('_samples'!$A:$A=$B$4,ROW('_samples'!$A:$A)),2)),"")} | O14: {=IFERROR(INDEX('_samples'!$P:$P,SMALL(IF('_samples'!$A:$A=$B$4,ROW('_samples'!$A:$A)),2)),"")} | P14: {=IFERROR(INDEX('_samples'!$R:$R,SMALL(IF('_samples'!$A:$A=$B$4,ROW('_samples'!$A:$A)),2)),"")}
A15: {=IFERROR(INDEX('_samples'!$B:$B,SMALL(IF('_samples'!$A:$A=$B$4,ROW('_samples'!$A:$A)),3)),"")} | B15: {=IFERROR(INDEX('_samples'!$C:$C,SMALL(IF('_samples'!$A:$A=$B$4,ROW('_samples'!$A:$A)),3)),"")} | C15: {=IFERROR(INDEX('_samples'!$D:$D,SMALL(IF('_samples'!$A:$A=$B$4,ROW('_samples'!$A:$A)),3)),"")} | D15: {=IFERROR(INDEX('_samples'!$E:$E,SMALL(IF('_samples'!$A:$A=$B$4,ROW('_samples'!$A:$A)),3)),"")} | E15: {=IFERROR(INDEX('_samples'!$F:$F,SMALL(IF('_samples'!$A:$A=$B$4,ROW('_samples'!$A:$A)),3)),"")} | F15: {=IFERROR(INDEX('_samples'!$G:$G,SMALL(IF('_samples'!$A:$A=$B$4,ROW('_samples'!$A:$A)),3)),"")} | G15: {=IFERROR(INDEX('_samples'!$H:$H,SMALL(IF('_samples'!$A:$A=$B$4,ROW('_samples'!$A:$A)),3)),"")} | H15: {=IFERROR(INDEX('_samples'!$I:$I,SMALL(IF('_samples'!$A:$A=$B$4,ROW('_samples'!$A:$A)),3)),"")} | I15: {=IFERROR(INDEX('_samples'!$J:$J,SMALL(IF('_samples'!$A:$A=$B$4,ROW('_samples'!$A:$A)),3)),"")} | J15: {=IFERROR(INDEX('_samples'!$K:$K,SMALL(IF('_samples'!$A:$A=$B$4,ROW('_samples'!$A:$A)),3)),"")} | K15: {=IFERROR(INDEX('_samples'!$L:$L,SMALL(IF('_samples'!$A:$A=$B$4,ROW('_samples'!$A:$A)),3)),"")} | L15: {=IFERROR(INDEX('_samples'!$M:$M,SMALL(IF('_samples'!$A:$A=$B$4,ROW('_samples'!$A:$A)),3)),"")} | M15: {=IFERROR(INDEX('_samples'!$N:$N,SMALL(IF('_samples'!$A:$A=$B$4,ROW('_samples'!$A:$A)),3)),"")} | N15: {=IFERROR(INDEX('_samples'!$O:$O,SMALL(IF('_samples'!$A:$A=$B$4,ROW('_samples'!$A:$A)),3)),"")} | O15: {=IFERROR(INDEX('_samples'!$P:$P,SMALL(IF('_samples'!$A:$A=$B$4,ROW('_samples'!$A:$A)),3)),"")} | P15: {=IFERROR(INDEX('_samples'!$R:$R,SMALL(IF('_samples'!$A:$A=$B$4,ROW('_samples'!$A:$A)),3)),"")}
A16: {=IFERROR(INDEX('_samples'!$B:$B,SMALL(IF('_samples'!$A:$A=$B$4,ROW('_samples'!$A:$A)),4)),"")} | B16: {=IFERROR(INDEX('_samples'!$C:$C,SMALL(IF('_samples'!$A:$A=$B$4,ROW('_samples'!$A:$A)),4)),"")} | C16: {=IFERROR(INDEX('_samples'!$D:$D,SMALL(IF('_samples'!$A:$A=$B$4,ROW('_samples'!$A:$A)),4)),"")} | D16: {=IFERROR(INDEX('_samples'!$E:$E,SMALL(IF('_samples'!$A:$A=$B$4,ROW('_samples'!$A:$A)),4)),"")} | E16: {=IFERROR(INDEX('_samples'!$F:$F,SMALL(IF('_samples'!$A:$A=$B$4,ROW('_samples'!$A:$A)),4)),"")} | F16: {=IFERROR(INDEX('_samples'!$G:$G,SMALL(IF('_samples'!$A:$A=$B$4,ROW('_samples'!$A:$A)),4)),"")} | G16: {=IFERROR(INDEX('_samples'!$H:$H,SMALL(IF('_samples'!$A:$A=$B$4,ROW('_samples'!$A:$A)),4)),"")} | H16: {=IFERROR(INDEX('_samples'!$I:$I,SMALL(IF('_samples'!$A:$A=$B$4,ROW('_samples'!$A:$A)),4)),"")} | I16: {=IFERROR(INDEX('_samples'!$J:$J,SMALL(IF('_samples'!$A:$A=$B$4,ROW('_samples'!$A:$A)),4)),"")} | J16: {=IFERROR(INDEX('_samples'!$K:$K,SMALL(IF('_samples'!$A:$A=$B$4,ROW('_samples'!$A:$A)),4)),"")} | K16: {=IFERROR(INDEX('_samples'!$L:$L,SMALL(IF('_samples'!$A:$A=$B$4,ROW('_samples'!$A:$A)),4)),"")} | L16: {=IFERROR(INDEX('_samples'!$M:$M,SMALL(IF('_samples'!$A:$A=$B$4,ROW('_samples'!$A:$A)),4)),"")} | M16: {=IFERROR(INDEX('_samples'!$N:$N,SMALL(IF('_samples'!$A:$A=$B$4,ROW('_samples'!$A:$A)),4)),"")} | N16: {=IFERROR(INDEX('_samples'!$O:$O,SMALL(IF('_samples'!$A:$A=$B$4,ROW('_samples'!$A:$A)),4)),"")} | O16: {=IFERROR(INDEX('_samples'!$P:$P,SMALL(IF('_samples'!$A:$A=$B$4,ROW('_samples'!$A:$A)),4)),"")} | P16: {=IFERROR(INDEX('_samples'!$R:$R,SMALL(IF('_samples'!$A:$A=$B$4,ROW('_samples'!$A:$A)),4)),"")}
A17: {=IFERROR(INDEX('_samples'!$B:$B,SMALL(IF('_samples'!$A:$A=$B$4,ROW('_samples'!$A:$A)),5)),"")} | B17: {=IFERROR(INDEX('_samples'!$C:$C,SMALL(IF('_samples'!$A:$A=$B$4,ROW('_samples'!$A:$A)),5)),"")} | C17: {=IFERROR(INDEX('_samples'!$D:$D,SMALL(IF('_samples'!$A:$A=$B$4,ROW('_samples'!$A:$A)),5)),"")} | D17: {=IFERROR(INDEX('_samples'!$E:$E,SMALL(IF('_samples'!$A:$A=$B$4,ROW('_samples'!$A:$A)),5)),"")} | E17: {=IFERROR(INDEX('_samples'!$F:$F,SMALL(IF('_samples'!$A:$A=$B$4,ROW('_samples'!$A:$A)),5)),"")} | F17: {=IFERROR(INDEX('_samples'!$G:$G,SMALL(IF('_samples'!$A:$A=$B$4,ROW('_samples'!$A:$A)),5)),"")} | G17: {=IFERROR(INDEX('_samples'!$H:$H,SMALL(IF('_samples'!$A:$A=$B$4,ROW('_samples'!$A:$A)),5)),"")} | H17: {=IFERROR(INDEX('_samples'!$I:$I,SMALL(IF('_samples'!$A:$A=$B$4,ROW('_samples'!$A:$A)),5)),"")} | I17: {=IFERROR(INDEX('_samples'!$J:$J,SMALL(IF('_samples'!$A:$A=$B$4,ROW('_samples'!$A:$A)),5)),"")} | J17: {=IFERROR(INDEX('_samples'!$K:$K,SMALL(IF('_samples'!$A:$A=$B$4,ROW('_samples'!$A:$A)),5)),"")} | K17: {=IFERROR(INDEX('_samples'!$L:$L,SMALL(IF('_samples'!$A:$A=$B$4,ROW('_samples'!$A:$A)),5)),"")} | L17: {=IFERROR(INDEX('_samples'!$M:$M,SMALL(IF('_samples'!$A:$A=$B$4,ROW('_samples'!$A:$A)),5)),"")} | M17: {=IFERROR(INDEX('_samples'!$N:$N,SMALL(IF('_samples'!$A:$A=$B$4,ROW('_samples'!$A:$A)),5)),"")} | N17: {=IFERROR(INDEX('_samples'!$O:$O,SMALL(IF('_samples'!$A:$A=$B$4,ROW('_samples'!$A:$A)),5)),"")} | O17: {=IFERROR(INDEX('_samples'!$P:$P,SMALL(IF('_samples'!$A:$A=$B$4,ROW('_samples'!$A:$A)),5)),"")} | P17: {=IFERROR(INDEX('_samples'!$R:$R,SMALL(IF('_samples'!$A:$A=$B$4,ROW('_samples'!$A:$A)),5)),"")}
A19: 📌 ALERT THRESHOLDS & DIAGNOSTIC GUIDE
A20: Parameter | B20: Sample History (Last 5 — Oldest → Latest)
A21: Parameter | B21: =IFERROR(minifs('Data Entry_BD'!$D$6:$D$430,'Data Entry_BD'!$A$6:$A$430,$B$4,'Data Entry_BD'!$D$6:$D$430,">"&B21),"") -> #REF! | C21: =IFERROR(TEXT(W12,"dd-mmm-yy"),"—") -> 30-Dec-99 | D21: =IFERROR(TEXT(W13,"dd-mmm-yy"),"—") -> 30-Dec-99 | E21: =IFERROR(TEXT(T14,"dd-mmm-yy"),"—") -> 30-Dec-99 | F21: =IFERROR(TEXT(T15,"dd-mmm-yy"),"—") -> 30-Dec-99
A22: LUBRICANT
A23: Report Status | B23: {=IFERROR(INDEX('Data Entry_BD'!$E:$E,X11),"—")} -> #REF! | C23: {=IFERROR(INDEX('Data Entry_BD'!$E:$E,X12),"—")} -> #REF! | D23: {=IFERROR(INDEX('Data Entry_BD'!$E:$E,X13),"—")} -> #REF! | E23: {=IFERROR(INDEX('Data Entry_BD'!$E:$E,U14),"—")} -> #REF! | F23: {=IFERROR(INDEX('Data Entry_BD'!$E:$E,U15),"—")} -> #REF!
A24: Visc@40°C (cSt) | B24: {=IFERROR(INDEX('Data Entry_BD'!$M:$M,X11),"—")} -> #REF! | C24: {=IFERROR(INDEX('Data Entry_BD'!$M:$M,X12),"—")} -> #REF! | D24: {=IFERROR(INDEX('Data Entry_BD'!$M:$M,X13),"—")} -> #REF! | E24: {=IFERROR(INDEX('Data Entry_BD'!$M:$M,U14),"—")} -> #REF! | F24: {=IFERROR(INDEX('Data Entry_BD'!$M:$M,U15),"—")} -> #REF!
A25: Water (Vol%) | B25: {=IFERROR(INDEX('Data Entry_BD'!$P:$P,X11),"—")} -> #REF! | C25: {=IFERROR(INDEX('Data Entry_BD'!$P:$P,X12),"—")} -> #REF! | D25: {=IFERROR(INDEX('Data Entry_BD'!$P:$P,X13),"—")} -> #REF! | E25: {=IFERROR(INDEX('Data Entry_BD'!$P:$P,U14),"—")} -> #REF! | F25: {=IFERROR(INDEX('Data Entry_BD'!$P:$P,U15),"—")} -> #REF!
A26: WEAR (ppm)
A27: Fe (Iron) | B27: {=IFERROR(INDEX('Data Entry_BD'!$T:$T,X11),"—")} -> #REF! | C27: {=IFERROR(INDEX('Data Entry_BD'!$T:$T,X12),"—")} -> #REF! | D27: {=IFERROR(INDEX('Data Entry_BD'!$T:$T,X13),"—")} -> #REF! | E27: {=IFERROR(INDEX('Data Entry_BD'!$T:$T,U14),"—")} -> #REF! | F27: {=IFERROR(INDEX('Data Entry_BD'!$T:$T,U15),"—")} -> #REF!
A28: Al (Aluminum) | B28: {=IFERROR(INDEX('Data Entry_BD'!$U:$U,X11),"—")} -> #REF! | C28: {=IFERROR(INDEX('Data Entry_BD'!$U:$U,X12),"—")} -> #REF! | D28: {=IFERROR(INDEX('Data Entry_BD'!$U:$U,X13),"—")} -> #REF! | E28: {=IFERROR(INDEX('Data Entry_BD'!$U:$U,U14),"—")} -> #REF! | F28: {=IFERROR(INDEX('Data Entry_BD'!$U:$U,U15),"—")} -> #REF!
A29: Cu (Copper) | B29: {=IFERROR(INDEX('Data Entry_BD'!$V:$V,X11),"—")} -> #REF! | C29: {=IFERROR(INDEX('Data Entry_BD'!$V:$V,X12),"—")} -> #REF! | D29: {=IFERROR(INDEX('Data Entry_BD'!$V:$V,X13),"—")} -> #REF! | E29: {=IFERROR(INDEX('Data Entry_BD'!$V:$V,U14),"—")} -> #REF! | F29: {=IFERROR(INDEX('Data Entry_BD'!$V:$V,U15),"—")} -> #REF!
A30: Cr (Chromium) | B30: {=IFERROR(INDEX('Data Entry_BD'!$W:$W,X11),"—")} -> #REF! | C30: {=IFERROR(INDEX('Data Entry_BD'!$W:$W,X12),"—")} -> #REF! | D30: {=IFERROR(INDEX('Data Entry_BD'!$W:$W,X13),"—")} -> #REF! | E30: {=IFERROR(INDEX('Data Entry_BD'!$W:$W,U14),"—")} -> #REF! | F30: {=IFERROR(INDEX('Data Entry_BD'!$W:$W,U15),"—")} -> #REF!
A31: CONTAM (ppm)
A32: Si (Silicon) | B32: {=IFERROR(INDEX('Data Entry_BD'!$Z:$Z,X11),"—")} -> #REF! | C32: {=IFERROR(INDEX('Data Entry_BD'!$Z:$Z,X12),"—")} -> #REF! | D32: {=IFERROR(INDEX('Data Entry_BD'!$Z:$Z,X13),"—")} -> #REF! | E32: {=IFERROR(INDEX('Data Entry_BD'!$Z:$Z,U14),"—")} -> #REF! | F32: {=IFERROR(INDEX('Data Entry_BD'!$Z:$Z,U15),"—")} -> #REF!
A33: Na (Sodium) | B33: {=IFERROR(INDEX('Data Entry_BD'!$AA:$AA,X11),"—")} -> #REF! | C33: {=IFERROR(INDEX('Data Entry_BD'!$AA:$AA,X12),"—")} -> #REF! | D33: {=IFERROR(INDEX('Data Entry_BD'!$AA:$AA,X13),"—")} -> #REF! | E33: {=IFERROR(INDEX('Data Entry_BD'!$AA:$AA,U14),"—")} -> #REF! | F33: {=IFERROR(INDEX('Data Entry_BD'!$AA:$AA,U15),"—")} -> #REF!
A34: K (Potassium) | B34: {=IFERROR(INDEX('Data Entry_BD'!$AB:$AB,X11),"—")} -> #REF! | C34: {=IFERROR(INDEX('Data Entry_BD'!$AB:$AB,X12),"—")} -> #REF! | D34: {=IFERROR(INDEX('Data Entry_BD'!$AB:$AB,X13),"—")} -> #REF! | E34: {=IFERROR(INDEX('Data Entry_BD'!$AB:$AB,U14),"—")} -> #REF! | F34: {=IFERROR(INDEX('Data Entry_BD'!$AB:$AB,U15),"—")} -> #REF!
A35: ADDITIVE (ppm)
A36: P (Phosphorus) | B36: {=IFERROR(INDEX(#REF!,X11),"—")} -> — | C36: {=IFERROR(INDEX(#REF!,X12),"—")} -> — | D36: {=IFERROR(INDEX(#REF!,X13),"—")} -> — | E36: {=IFERROR(INDEX(#REF!,U14),"—")} -> — | F36: {=IFERROR(INDEX(#REF!,U15),"—")} -> —
A37: Zn (Zinc) | B37: {=IFERROR(INDEX('Data Entry_BD'!$AF:$AF,X11),"—")} -> #REF! | C37: {=IFERROR(INDEX('Data Entry_BD'!$AF:$AF,X12),"—")} -> #REF! | D37: {=IFERROR(INDEX('Data Entry_BD'!$AF:$AF,X13),"—")} -> #REF! | E37: {=IFERROR(INDEX('Data Entry_BD'!$AF:$AF,U14),"—")} -> #REF! | F37: {=IFERROR(INDEX('Data Entry_BD'!$AF:$AF,U15),"—")} -> #REF!
A38: Ca (Calcium) | B38: {=IFERROR(INDEX('Data Entry_BD'!$AH:$AH,X11),"—")} | C38: {=IFERROR(INDEX('Data Entry_BD'!$AH:$AH,X12),"—")} | D38: {=IFERROR(INDEX('Data Entry_BD'!$AH:$AH,X13),"—")} | E38: {=IFERROR(INDEX('Data Entry_BD'!$AH:$AH,U14),"—")} -> #REF! | F38: {=IFERROR(INDEX('Data Entry_BD'!$AH:$AH,U15),"—")}
A39: Oxidation (Ab/cm) | E39: {=IFERROR(INDEX('_lookup'!$Q:$Q,MATCH($B$4,'_lookup'!$A:$A,0)),"")}
A40: PQ Index | B40: < 30 | C40: 30 – 60 | D40: > 60 | E40: {=IFERROR(INDEX('_lookup'!$R:$R,MATCH($B$4,'_lookup'!$A:$A,0)),"")} | F40: See trend chart
A42: ⚠ KEY ALERTS & RECOMMENDED ACTIONS (Latest Sample – auto-updated)
A43: # | B43: Alert / Recommendation
A44: 1 | B44: {=IFERROR(INDEX('_lookup'!$S:$S,MATCH($B$4,'_lookup'!$A:$A,0)),"")}
A45: 2 | B45: {=IFERROR(INDEX('_lookup'!$T:$T,MATCH($B$4,'_lookup'!$A:$A,0)),"")}
A46: 3 | B46: {=IFERROR(INDEX('_lookup'!$U:$U,MATCH($B$4,'_lookup'!$A:$A,0)),"")}
A47: 4 | B47: {=IFERROR(INDEX('_lookup'!$V:$V,MATCH($B$4,'_lookup'!$A:$A,0)),"")}
A48: 5 | B48: {=IFERROR(INDEX('_lookup'!$W:$W,MATCH($B$4,'_lookup'!$A:$A,0)),"")}
A49: 6 | B49: {=IFERROR(INDEX('_lookup'!$X:$X,MATCH($B$4,'_lookup'!$A:$A,0)),"")}
A50: 7 | B50: {=IFERROR(INDEX('_lookup'!$Y:$Y,MATCH($B$4,'_lookup'!$A:$A,0)),"")}
A51: 8 | B51: {=IFERROR(INDEX('_lookup'!$Z:$Z,MATCH($B$4,'_lookup'!$A:$A,0)),"")}

Sheet Analysis Report
B1: 📊 OIL ANALYSIS – EQUIPMENT DIAGNOSTIC DASHBOARD
B2: Select equipment from the dropdown below — all readings, KPIs, and recommendations update automatically
B4: SELECT EQUIPMENT: | E4: 111.AF040 (L) | I4: ← Choose equipment to update the report | X4: =IFERROR(minifs('Data Entry_BD'!$D$6:$D$430,'Data Entry_BD'!$A$6:$A$430,$E$4),"") -> 45545 | Y4: =IFERROR(MATCH(X4,'Data Entry_BD'!$D$6:$D$430,0)+4,"") -> 136
X5: =IFERROR(minifs('Data Entry_BD'!$D$6:$D$430,'Data Entry_BD'!$A$6:$A$430,$E$4,'Data Entry_BD'!$D$6:$D$430,">"&X4),"") -> 45726 | Y5: =IFERROR(MATCH(X5,'Data Entry_BD'!$D$6:$D$430,0)+4,"") -> 250
B6: ACCOUNT INFORMATION | H6: SAMPLE INFORMATION | M6: EQUIPMENT INFORMATION | X6: =IFERROR(minifs('Data Entry_BD'!$D$6:$D$430,'Data Entry_BD'!$A$6:$A$430,$E$4,'Data Entry_BD'!$D$6:$D$430,">"&X5),"") -> 45909 | Y6: =IFERROR(MATCH(X6,'Data Entry_BD'!$D$6:$D$430,0)+4,"") -> 396
B7: ID: | C7: =208948 -> 208948 | G7: Sample ID: | H7: {=IFERROR(INDEX(#REF!,MATCH(maxifs('Data Entry_BD'!$D$6:$D$430,'Data Entry_BD'!$A$6:$A$430,$E$4),'Data Entry_BD'!$D$6:$D$430,0)+4),"N/A")} -> N/A | K7: Asset Class: | L7: Circulating System | X7: =IFERROR(minifs('Data Entry_BD'!$D$6:$D$430,'Data Entry_BD'!$A$6:$A$430,$E$4,'Data Entry_BD'!$D$6:$D$430,">"&X6),"") -> 0 | Y7: =IFERROR(MATCH(X7,'Data Entry_BD'!$D$6:$D$430,0)+4,"")
B8: Name: | C8: Reliance Heavy Industries | G8: Service Level: | H8: {=IFERROR(INDEX(#REF!,MATCH(maxifs('Data Entry_BD'!$D$6:$D$430,'Data Entry_BD'!$A$6:$A$430,$E$4),'Data Entry_BD'!$D$6:$D$430,0)+4),"N/A")} -> N/A | K8: Manufacturer: | L8: N/A | X8: =IFERROR(minifs('Data Entry_BD'!$D$6:$D$430,'Data Entry_BD'!$A$6:$A$430,$E$4,'Data Entry_BD'!$D$6:$D$430,">"&X7),"") -> 45545 | Y8: =IFERROR(MATCH(X8,'Data Entry_BD'!$D$6:$D$430,0)+4,"") -> 136
B9: Address: | C9: Kattameya-Sokhna Road, Suez, EG | G9: Latest Sample Date: | H9: =IFERROR(TEXT(maxifs('Data Entry_BD'!$D$6:$D$430,'Data Entry_BD'!$A$6:$A$430,$E$4),"DD-MMM-YYYY"),"N/A") -> 09-Sep-2025 | K9: Model: | L9: N/A
G10: Tested Lubricant: | H10: {=IFERROR(INDEX(#REF!,MATCH(maxifs('Data Entry_BD'!$D$6:$D$430,'Data Entry_BD'!$A$6:$A$430,$E$4),'Data Entry_BD'!$D$6:$D$430,0)+4),"N/A")} -> N/A | K10: Lubricant: | L10: {=IFERROR(INDEX(#REF!,MATCH(maxifs('Data Entry_BD'!$D$6:$D$430,'Data Entry_BD'!$A$6:$A$430,$E$4),'Data Entry_BD'!$D$6:$D$430,0)+4),"N/A")} -> N/A
B12: SAMPLE DATA & TRENDS
B13: Parameter | C13: Sample History (Last 5 — Oldest → Latest)
B14: Parameter | C14: =IFERROR(TEXT(X4,"dd-mmm-yy"),"—") -> 10-Sep-24 | D14: =IFERROR(TEXT(X5,"dd-mmm-yy"),"—") -> 10-Mar-25 | E14: =IFERROR(TEXT(X6,"dd-mmm-yy"),"—") -> 09-Sep-25 | F14: =IFERROR(TEXT(X7,"dd-mmm-yy"),"—") -> 30-Dec-99 | G14: =IFERROR(TEXT(X8,"dd-mmm-yy"),"—") -> 10-Sep-24
B15: LUBRICANT
B16: Report Status | C16: {=IFERROR(INDEX('Data Entry_BD'!$E:$E,Y4),"—")} -> Normal | D16: {=IFERROR(INDEX('Data Entry_BD'!$E:$E,Y5),"—")} -> Caution | E16: {=IFERROR(INDEX('Data Entry_BD'!$E:$E,Y6),"—")} -> Normal | F16: {=IFERROR(INDEX('Data Entry_BD'!$E:$E,Y7),"—")} | G16: {=IFERROR(INDEX('Data Entry_BD'!$E:$E,Y8),"—")} -> Normal
B17: Visc@40°C (cSt) | C17: {=IFERROR(INDEX('Data Entry_BD'!$M:$M,Y4),"—")} -> 66.3 | D17: {=IFERROR(INDEX('Data Entry_BD'!$M:$M,Y5),"—")} -> 430.6 | E17: {=IFERROR(INDEX('Data Entry_BD'!$M:$M,Y6),"—")} -> 46 | F17: {=IFERROR(INDEX('Data Entry_BD'!$M:$M,Y7),"—")} | G17: {=IFERROR(INDEX('Data Entry_BD'!$M:$M,Y8),"—")} -> 66.3
B18: Water (Vol%) | C18: {=IFERROR(INDEX('Data Entry_BD'!$P:$P,Y4),"—")} -> 0.003 | D18: {=IFERROR(INDEX('Data Entry_BD'!$P:$P,Y5),"—")} -> 0.06 | E18: {=IFERROR(INDEX('Data Entry_BD'!$P:$P,Y6),"—")} -> 0.01 | F18: {=IFERROR(INDEX('Data Entry_BD'!$P:$P,Y7),"—")} | G18: {=IFERROR(INDEX('Data Entry_BD'!$P:$P,Y8),"—")} -> 0.003
B19: WEAR (ppm)
B20: Fe (Iron) | C20: {=IFERROR(INDEX('Data Entry_BD'!$T:$T,Y4),"—")} -> 3 | D20: {=IFERROR(INDEX('Data Entry_BD'!$T:$T,Y5),"—")} -> 8 | E20: {=IFERROR(INDEX('Data Entry_BD'!$T:$T,Y6),"—")} -> 7 | F20: {=IFERROR(INDEX('Data Entry_BD'!$T:$T,Y7),"—")} | G20: {=IFERROR(INDEX('Data Entry_BD'!$T:$T,Y8),"—")} -> 3
B21: Al (Aluminum) | C21: {=IFERROR(INDEX('Data Entry_BD'!$U:$U,Y4),"—")} -> 2 | D21: {=IFERROR(INDEX('Data Entry_BD'!$U:$U,Y5),"—")} -> 20 | E21: {=IFERROR(INDEX('Data Entry_BD'!$U:$U,Y6),"—")} -> 11 | F21: {=IFERROR(INDEX('Data Entry_BD'!$U:$U,Y7),"—")} | G21: {=IFERROR(INDEX('Data Entry_BD'!$U:$U,Y8),"—")} -> 2
B22: Cu (Copper) | C22: {=IFERROR(INDEX('Data Entry_BD'!$V:$V,Y4),"—")} -> 0 | D22: {=IFERROR(INDEX('Data Entry_BD'!$V:$V,Y5),"—")} -> 2 | E22: {=IFERROR(INDEX('Data Entry_BD'!$V:$V,Y6),"—")} -> 0 | F22: {=IFERROR(INDEX('Data Entry_BD'!$V:$V,Y7),"—")} | G22: {=IFERROR(INDEX('Data Entry_BD'!$V:$V,Y8),"—")} -> 0
B23: Cr (Chromium) | C23: {=IFERROR(INDEX('Data Entry_BD'!$W:$W,Y4),"—")} -> 0 | D23: {=IFERROR(INDEX('Data Entry_BD'!$W:$W,Y5),"—")} -> 0 | E23: {=IFERROR(INDEX('Data Entry_BD'!$W:$W,Y6),"—")} -> 0 | F23: {=IFERROR(INDEX('Data Entry_BD'!$W:$W,Y7),"—")} | G23: {=IFERROR(INDEX('Data Entry_BD'!$W:$W,Y8),"—")} -> 0
B24: CONTAM (ppm)
B25: Si (Silicon) | C25: {=IFERROR(INDEX('Data Entry_BD'!$Z:$Z,Y4),"—")} -> 0 | D25: {=IFERROR(INDEX('Data Entry_BD'!$Z:$Z,Y5),"—")} -> 0 | E25: {=IFERROR(INDEX('Data Entry_BD'!$Z:$Z,Y6),"—")} -> 0 | F25: {=IFERROR(INDEX('Data Entry_BD'!$Z:$Z,Y7),"—")} | G25: {=IFERROR(INDEX('Data Entry_BD'!$Z:$Z,Y8),"—")} -> 0
B26: Na (Sodium) | C26: {=IFERROR(INDEX('Data Entry_BD'!$AA:$AA,Y4),"—")} -> 0 | D26: {=IFERROR(INDEX('Data Entry_BD'!$AA:$AA,Y5),"—")} -> 1 | E26: {=IFERROR(INDEX('Data Entry_BD'!$AA:$AA,Y6),"—")} -> 0 | F26: {=IFERROR(INDEX('Data Entry_BD'!$AA:$AA,Y7),"—")} | G26: {=IFERROR(INDEX('Data Entry_BD'!$AA:$AA,Y8),"—")} -> 0
B27: K (Potassium) | C27: {=IFERROR(INDEX('Data Entry_BD'!$AB:$AB,Y4),"—")} -> 4 | D27: {=IFERROR(INDEX('Data Entry_BD'!$AB:$AB,Y5),"—")} -> 13 | E27: {=IFERROR(INDEX('Data Entry_BD'!$AB:$AB,Y6),"—")} -> 0 | F27: {=IFERROR(INDEX('Data Entry_BD'!$AB:$AB,Y7),"—")} | G27: {=IFERROR(INDEX('Data Entry_BD'!$AB:$AB,Y8),"—")} -> 4
B28: ADDITIVE (ppm)
B29: P (Phosphorus) | C29: {=IFERROR(INDEX(#REF!,Y4),"—")} -> — | D29: {=IFERROR(INDEX(#REF!,Y5),"—")} -> — | E29: {=IFERROR(INDEX(#REF!,Y6),"—")} -> — | F29: {=IFERROR(INDEX(#REF!,Y7),"—")} -> — | G29: {=IFERROR(INDEX(#REF!,Y8),"—")} -> —
B30: Zn (Zinc) | C30: {=IFERROR(INDEX('Data Entry_BD'!$AF:$AF,Y4),"—")} -> 0 | D30: {=IFERROR(INDEX('Data Entry_BD'!$AF:$AF,Y5),"—")} -> 3 | E30: {=IFERROR(INDEX('Data Entry_BD'!$AF:$AF,Y6),"—")} -> 0 | F30: {=IFERROR(INDEX('Data Entry_BD'!$AF:$AF,Y7),"—")} | G30: {=IFERROR(INDEX('Data Entry_BD'!$AF:$AF,Y8),"—")} -> 0
B31: Ca (Calcium) | C31: {=IFERROR(INDEX('Data Entry_BD'!$AH:$AH,Y4),"—")} -> 19 | D31: {=IFERROR(INDEX('Data Entry_BD'!$AH:$AH,Y5),"—")} -> 18 | E31: {=IFERROR(INDEX('Data Entry_BD'!$AH:$AH,Y6),"—")} -> 702 | F31: {=IFERROR(INDEX('Data Entry_BD'!$AH:$AH,Y7),"—")} | G31: {=IFERROR(INDEX('Data Entry_BD'!$AH:$AH,Y8),"—")} -> 19
B34: RECOMMENDATIONS / ACTIONS REQUIRED
B35: Alert Type: | C35: {=IFERROR(INDEX('Data Entry_BD'!$AI:$AI,MATCH(maxifs('Data Entry_BD'!$D$6:$D$430,'Data Entry_BD'!$A$6:$A$430,$E$4),'Data Entry_BD'!$D$6:$D$430,0)+4),"N/A")} -> Normal - No Action Required | J35: Contam. Rating: | K35: {=IFERROR(INDEX(#REF!,MATCH(maxifs('Data Entry_BD'!$D$6:$D$430,'Data Entry_BD'!$A$6:$A$430,$E$4),'Data Entry_BD'!$D$6:$D$430,0)+4),"N/A")} -> N/A
B36: RECOMMENDED ACTION (LATEST SAMPLE)
B37: {=IFERROR(INDEX('Data Entry_BD'!$AJ:$AJ,MATCH(maxifs('Data Entry_BD'!$D$6:$D$430,'Data Entry_BD'!$A$6:$A$430,$E$4),'Data Entry_BD'!$D$6:$D$430,0)+4),"N/A")} -> Continue routine monitoring and sampling schedule
B39: RECOMMENDATION HISTORY (ALL SAMPLES — OLDEST → LATEST)
B40: Sample Date | D40: Report Status | F40: Alert Type | H40: Contam. | I40: Recommendation / Action
B41: =IFERROR(TEXT(X4,"dd-mmm-yy"),"—") -> 10-Sep-24 | D41: {=IFERROR(INDEX('Data Entry_BD'!$E:$E,Y4),"—")} -> Normal | F41: {=IFERROR(INDEX('Data Entry_BD'!$AI:$AI,Y4),"—")} -> Normal - No Action Required | H41: =IFERROR(INDEX(#REF!,Y4),"—") -> — | I41: {=IFERROR(INDEX('Data Entry_BD'!$AJ:$AJ,Y4),"—")} -> Continue routine monitoring and sampling schedule
B42: =IFERROR(TEXT(X5,"dd-mmm-yy"),"—") -> 10-Mar-25 | D42: {=IFERROR(INDEX('Data Entry_BD'!$E:$E,Y5),"—")} -> Caution | F42: {=IFERROR(INDEX('Data Entry_BD'!$AI:$AI,Y5),"—")} -> Moisture Caution | H42: =IFERROR(INDEX(#REF!,Y5),"—") -> — | I42: {=IFERROR(INDEX('Data Entry_BD'!$AJ:$AJ,Y5),"—")} -> Moisture detected - check breathers and seals
B43: =IFERROR(TEXT(X6,"dd-mmm-yy"),"—") -> 09-Sep-25 | D43: {=IFERROR(INDEX('Data Entry_BD'!$E:$E,Y6),"—")} -> Normal | F43: {=IFERROR(INDEX('Data Entry_BD'!$AI:$AI,Y6),"—")} -> Normal - No Action Required | H43: =IFERROR(INDEX(#REF!,Y6),"—") -> — | I43: {=IFERROR(INDEX('Data Entry_BD'!$AJ:$AJ,Y6),"—")} -> Continue routine monitoring and sampling schedule
B44: =IFERROR(TEXT(X7,"dd-mmm-yy"),"—") -> 30-Dec-99 | D44: {=IFERROR(INDEX('Data Entry_BD'!$E:$E,Y7),"—")} | F44: {=IFERROR(INDEX('Data Entry_BD'!$AI:$AI,Y7),"—")} | H44: =IFERROR(INDEX(#REF!,Y7),"—") -> — | I44: {=IFERROR(INDEX('Data Entry_BD'!$AJ:$AJ,Y7),"—")}
B45: =IFERROR(TEXT(X8,"dd-mmm-yy"),"—") -> 10-Sep-24 | D45: {=IFERROR(INDEX('Data Entry_BD'!$E:$E,Y8),"—")} -> Normal | F45: {=IFERROR(INDEX('Data Entry_BD'!$AI:$AI,Y8),"—")} -> Normal - No Action Required | H45: =IFERROR(INDEX(#REF!,Y8),"—") -> — | I45: {=IFERROR(INDEX('Data Entry_BD'!$AJ:$AJ,Y8),"—")} -> Continue routine monitoring and sampling schedule
B47: ℹ️ Select equipment using the dropdown at cell E4. The table and recommendations update automatically. To add new data: go to 'Data Entry' sheet → enter sample row (cols A–T) + recommendation (cols U–W). Dates in column E must be real dates (not text) for formulas to work.

Sheet Oil Sample Tracker 1
A1: Equipment | B1: Last sample | C1: interval Days | D1: INTERVAL | E1: 44743 | F1: 44774 | G1: 44805 | H1: 44835 | I1: 45618 | J1: 44896 | K1: 44927 | L1: 44958 | M1: 44986 | N1: 45017 | O1: 45047 | P1: 45078 | Q1: 45108 | R1: 45139 | S1: 45170 | T1: 45200 | U1: 45231 | V1: 45261 | W1: 45292 | X1: 45323 | Y1: 45352 | Z1: 45383 | AA1: 45413 | AB1: 45444 | AC1: 45474 | AD1: 45505 | AE1: 45536 | AF1: 45566 | AG1: 45597 | AH1: 45627 | AI1: 45658 | AJ1: 45689 | AK1: 45717 | AL1: 45748 | AM1: 45778 | AN1: 45809 | AO1: 45839 | AP1: 45870 | AQ1: 45901 | AR1: 45931 | AS1: 45962 | AT1: 45992 | AU1: 46023 | AV1: 46054 | AW1: 46082 | AX1: 46113 | AY1: 46143 | AZ1: 46174 | BA1: 46204 | BB1: 46235 | BC1: 46266 | BD1: 46296 | BE1: 46327 | BF1: 46357 | BG1: 46185 | BH1: 46187 | BI1: 46193 | BJ1: 46183
A2: 111.AF040 (L) | B2: 46183 | C2: 210 | D2: 6 Months | E2: CAUTION | F2: CAUTION | G2: ALERT | L2: NORMAL | R2: NORMAL | S2: MISSING | X2: MISSING | AD2: MISSING | AE2: NORMAL | AJ2: ALERT | AP2: MISSING | AQ2: ALERT | AR2: CAUTION | AX2: CAUTION | BG2: Normal | BH2: Alert | BI2: Caution | BJ2: Normal
A3: 111.AF040 (R) | B3: =IFERROR( INDEX($E$1:$AAA$1, MATCH(2, 1/(($E3:$AAA3="NORMAL")+($E3:$AAA3="CAUTION")+($E3:$AAA3="ALERT")+($E3:$AAA3="Oil changed")), 1) ), "Missing") -> 46113 | C3: 210 | D3: 6 Months | F3: CAUTION | L3: NORMAL | R3: NORMAL | S3: MISSING | X3: MISSING | AD3: MISSING | AE3: CAUTION | AF3: NORMAL | AL3: MISSING | AR3: NORMAL | AV3: NORMAL | AX3: ALERT
A4: 111.AF060 (L) | B4: =IFERROR( INDEX($E$1:$AAA$1, MATCH(2, 1/(($E4:$AAA4="NORMAL")+($E4:$AAA4="CAUTION")+($E4:$AAA4="ALERT")+($E4:$AAA4="Oil changed")), 1) ), "Missing") -> 46113 | C4: 210 | D4: 6 Months | F4: NORMAL | L4: ALERT | R4: NORMAL | S4: MISSING | X4: MISSING | AD4: MISSING | AE4: CAUTION | AF4: CAUTION | AL4: MISSING | AR4: CAUTION | AX4: NORMAL
A5: 111.AF060 (R) | B5: =IFERROR( INDEX($E$1:$AAA$1, MATCH(2, 1/(($E5:$AAA5="NORMAL")+($E5:$AAA5="CAUTION")+($E5:$AAA5="ALERT")+($E5:$AAA5="Oil changed")), 1) ), "Missing") -> 46113 | C5: 210 | D5: 6 Months | F5: CAUTION | L5: ALERT | R5: NORMAL | S5: MISSING | X5: MISSING | AD5: MISSING | AE5: NORMAL | AJ5: NORMAL | AP5: MISSING | AQ5: NORMAL | AW5: CAUTION | AX5: Oil changed
A6: 111.BC210 | B6: =IFERROR( INDEX($E$1:$AAA$1, MATCH(2, 1/(($E6:$AAA6="NORMAL")+($E6:$AAA6="CAUTION")+($E6:$AAA6="ALERT")+($E6:$AAA6="Oil changed")), 1) ), "Missing") -> 46113 | C6: 210 | D6: 6 Months | F6: ALERT | G6: ALERT | L6: CAUTION | R6: ALERT | S6: MISSING | X6: MISSING | AA6: ALERT | AB6: ALERT | AE6: ALERT | AJ6: CAUTION | AP6: MISSING | AQ6: ALERT | AW6: ALERT | AX6: Oil changed
A7: 111.BC330 (L1) | B7: =IFERROR( INDEX($E$1:$AAA$1, MATCH(2, 1/(($E7:$AAA7="NORMAL")+($E7:$AAA7="CAUTION")+($E7:$AAA7="ALERT")+($E7:$AAA7="Oil changed")), 1) ), "Missing") -> 46113 | C7: 120 | D7: 3 Months | E7: NORMAL | H7: MISSING | K7: NORMAL | N7: MISSING | Q7: CAUTION | R7: NORMAL | S7: MISSING | U7: MISSING | X7: MISSING | AA7: MISSING | AC7: CAUTION | AE7: CAUTION | AG7: CAUTION | AJ7: MISSING | AM7: MISSING | AN7: NORMAL | AQ7: MISSING | AR7: MISSING | AS7: CAUTION | AV7: MISSING | AW7: CAUTION | AX7: CAUTION
A8: 111.BC330 (L2) | B8: =IFERROR( INDEX($E$1:$AAA$1, MATCH(2, 1/(($E8:$AAA8="NORMAL")+($E8:$AAA8="CAUTION")+($E8:$AAA8="ALERT")+($E8:$AAA8="Oil changed")), 1) ), "Missing") -> 46054 | C8: 120 | D8: 3 Months | E8: NORMAL | H8: MISSING | K8: NORMAL | N8: MISSING | Q8: NORMAL | S8: MISSING | T8: MISSING | W8: MISSING | Z8: MISSING | AC8: CAUTION | AE8: CAUTION | AG8: CAUTION | AJ8: MISSING | AM8: MISSING | AN8: CAUTION | AQ8: MISSING | AR8: MISSING | AS8: NORMAL | AV8: NORMAL
A9: 111.BC330 (R1) | B9: =IFERROR( INDEX($E$1:$AAA$1, MATCH(2, 1/(($E9:$AAA9="NORMAL")+($E9:$AAA9="CAUTION")+($E9:$AAA9="ALERT")+($E9:$AAA9="Oil changed")), 1) ), "Missing") -> 46054 | C9: 120 | D9: 3 Months | E9: NORMAL | H9: MISSING | K9: CAUTION | L9: CAUTION | O9: MISSING | Q9: CAUTION | R9: NORMAL | S9: MISSING | U9: MISSING | X9: MISSING | AA9: MISSING | AC9: ALERT | AE9: CAUTION | AG9: NORMAL | AJ9: MISSING | AM9: MISSING | AN9: CAUTION | AQ9: MISSING | AR9: MISSING | AS9: ALERT | AT9: NORMAL | AV9: NORMAL
A10: 111.BC330 (R2) | B10: =IFERROR( INDEX($E$1:$AAA$1, MATCH(2, 1/(($E10:$AAA10="NORMAL")+($E10:$AAA10="CAUTION")+($E10:$AAA10="ALERT")+($E10:$AAA10="Oil changed")), 1) ), "Missing") -> 46113 | C10: 120 | D10: 3 Months | E10: NORMAL | H10: MISSING | K10: CAUTION | L10: NORMAL | O10: MISSING | Q10: NORMAL | S10: MISSING | T10: MISSING | W10: MISSING | Z10: MISSING | AC10: CAUTION | AE10: CAUTION | AG10: CAUTION | AJ10: MISSING | AM10: MISSING | AN10: CAUTION | AQ10: MISSING | AR10: MISSING | AS10: CAUTION | AV10: MISSING | AX10: NORMAL
A11: 111.HC100 (HY) | B11: =IFERROR( INDEX($E$1:$AAA$1, MATCH(2, 1/(($E11:$AAA11="NORMAL")+($E11:$AAA11="CAUTION")+($E11:$AAA11="ALERT")+($E11:$AAA11="Oil changed")), 1) ), "Missing") -> 46054 | C11: 210 | D11: 6 Months | E11: CAUTION | K11: NORMAL | Q11: NORMAL | S11: MISSING | W11: MISSING | AA11: ALERT | AB11: ALERT | AC11: NORMAL | AI11: ALERT | AJ11: NORMAL | AP11: MISSING | AQ11: NORMAL | AV11: NORMAL
A12: 111.HC100 (IR) | B12: =IFERROR( INDEX($E$1:$AAA$1, MATCH(2, 1/(($E12:$AAA12="NORMAL")+($E12:$AAA12="CAUTION")+($E12:$AAA12="ALERT")+($E12:$AAA12="Oil changed")), 1) ), "Missing") -> 46113 | C12: 120 | D12: 3 Months | E12: CAUTION | H12: MISSING | K12: CAUTION | L12: ALERT | N12: ALERT | Q12: ALERT | S12: MISSING | T12: MISSING | W12: MISSING | Z12: MISSING | AA12: ALERT | AB12: ALERT | AC12: ALERT | AF12: MISSING | AI12: ALERT | AJ12: CAUTION | AM12: MISSING | AN12: CAUTION | AQ12: ALERT | AR12: ALERT | AU12: MISSING | AV12: MISSING | AX12: Oil changed
A13: 111.HC100 (RGB) | B13: =IFERROR( INDEX($E$1:$AAA$1, MATCH(2, 1/(($E13:$AAA13="NORMAL")+($E13:$AAA13="CAUTION")+($E13:$AAA13="ALERT")+($E13:$AAA13="Oil changed")), 1) ), "Missing") -> 46113 | C13: 120 | D13: 3 Months | E13: NORMAL | H13: MISSING | K13: ALERT | L13: NORMAL | O13: MISSING | Q13: ALERT | S13: MISSING | T13: NORMAL | W13: MISSING | Z13: MISSING | AA13: CAUTION | AB13: CAUTION | AC13: ALERT | AF13: MISSING | AI13: CAUTION | AL13: MISSING | AM13: MISSING | AN13: CAUTION | AQ13: ALERT | AR13: ALERT | AU13: MISSING | AV13: MISSING | AX13: Oil changed
A14: 123.BC100 | B14: =IFERROR( INDEX($E$1:$AAA$1, MATCH(2, 1/(($E14:$AAA14="NORMAL")+($E14:$AAA14="CAUTION")+($E14:$AAA14="ALERT")+($E14:$AAA14="Oil changed")), 1) ), "Missing") -> 46054 | C14: 210 | D14: 6 Months | F14: NORMAL | L14: NORMAL | R14: CAUTION | S14: MISSING | X14: MISSING | AB14: NORMAL | AI14: NORMAL | AN14: NORMAL | AT14: NORMAL | AV14: NORMAL
A15: 123.BC200 | B15: =IFERROR( INDEX($E$1:$AAA$1, MATCH(2, 1/(($E15:$AAA15="NORMAL")+($E15:$AAA15="CAUTION")+($E15:$AAA15="ALERT")+($E15:$AAA15="Oil changed")), 1) ), "Missing") -> 46082 | C15: 210 | D15: 6 Months | F15: NORMAL | L15: NORMAL | R15: NORMAL | S15: MISSING | X15: MISSING | AB15: ALERT | AC15: CAUTION | AI15: CAUTION | AJ15: CAUTION | AP15: MISSING | AQ15: ALERT | AR15: ALERT | AW15: CAUTION
A16: 131.BC100 | B16: =IFERROR( INDEX($E$1:$AAA$1, MATCH(2, 1/(($E16:$AAA16="NORMAL")+($E16:$AAA16="CAUTION")+($E16:$AAA16="ALERT")+($E16:$AAA16="Oil changed")), 1) ), "Missing") -> 46054 | C16: 210 | D16: 6 Months | F16: NORMAL | L16: NORMAL | R16: NORMAL | S16: MISSING | X16: MISSING | AB16: NORMAL | AI16: CAUTION | AN16: NORMAL | AT16: NORMAL | AV16: NORMAL
A17: 131.BC500 (M01) | B17: =IFERROR( INDEX($E$1:$AAA$1, MATCH(2, 1/(($E17:$AAA17="NORMAL")+($E17:$AAA17="CAUTION")+($E17:$AAA17="ALERT")+($E17:$AAA17="Oil changed")), 1) ), "Missing") -> 46113 | C17: 210 | D17: 6 Months | F17: NORMAL | L17: NORMAL | R17: CAUTION | S17: MISSING | X17: MISSING | AC17: MISSING | AD17: MISSING | AE17: CAUTION | AJ17: ALERT | AP17: MISSING | AQ17: ALERT | AR17: ALERT | AW17: ALERT | AX17: Oil changed
A18: 131.BC500 (M02) | B18: =IFERROR( INDEX($E$1:$AAA$1, MATCH(2, 1/(($E18:$AAA18="NORMAL")+($E18:$AAA18="CAUTION")+($E18:$AAA18="ALERT")+($E18:$AAA18="Oil changed")), 1) ), "Missing") -> 46113 | C18: 210 | D18: 6 Months | F18: NORMAL | L18: NORMAL | R18: CAUTION | S18: MISSING | X18: MISSING | AC18: MISSING | AD18: MISSING | AE18: CAUTION | AJ18: CAUTION | AP18: MISSING | AQ18: ALERT | AR18: ALERT | AW18: CAUTION | AX18: Oil changed
A19: 131.RE300 | B19: =IFERROR( INDEX($E$1:$AAA$1, MATCH(2, 1/(($E19:$AAA19="NORMAL")+($E19:$AAA19="CAUTION")+($E19:$AAA19="ALERT")+($E19:$AAA19="Oil changed")), 1) ), "Missing") -> 46113 | C19: 210 | D19: 6 Months | G19: NORMAL | M19: ALERT | S19: MISSING | Y19: MISSING | AA19: CAUTION | AF19: NORMAL | AL19: MISSING | AP19: MISSING | AR19: ALERT | AS19: ALERT | AX19: Oil changed
A20: 131.RE300.M11 | B20: =IFERROR( INDEX($E$1:$AAA$1, MATCH(2, 1/(($E20:$AAA20="NORMAL")+($E20:$AAA20="CAUTION")+($E20:$AAA20="ALERT")+($E20:$AAA20="Oil changed")), 1) ), "Missing") -> 46113 | C20: 210 | D20: 6 Months | G20: NORMAL | J20: CAUTION | K20: NORMAL | M20: NORMAL | S20: MISSING | Y20: MISSING | AA20: ALERT | AF20: CAUTION | AL20: MISSING | AP20: MISSING | AR20: ALERT | AS20: ALERT | AX20: Oil changed
A21: 131.RE300.M12 | B21: =IFERROR( INDEX($E$1:$AAA$1, MATCH(2, 1/(($E21:$AAA21="NORMAL")+($E21:$AAA21="CAUTION")+($E21:$AAA21="ALERT")+($E21:$AAA21="Oil changed")), 1) ), "Missing") -> 46113 | C21: 210 | D21: 6 Months | G21: NORMAL | J21: NORMAL | M21: NORMAL | S21: MISSING | U21: NORMAL | AA21: ALERT | AF21: CAUTION | AL21: MISSING | AN21: ALERT | AQ21: ALERT | AR21: ALERT | AX21: Oil changed
A22: 131.ST200 (HY) | B22: =IFERROR( INDEX($E$1:$AAA$1, MATCH(2, 1/(($E22:$AAA22="NORMAL")+($E22:$AAA22="CAUTION")+($E22:$AAA22="ALERT")+($E22:$AAA22="Oil changed")), 1) ), "Missing") -> 46113 | C22: 210 | D22: 6 Months | G22: CAUTION | H22: NORMAL | M22: CAUTION | N22: ALERT | S22: MISSING | T22: MISSING | Z22: MISSING | AA22: NORMAL | AF22: CAUTION | AL22: MISSING | AN22: CAUTION | AR22: ALERT | AS22: ALERT | AX22: Oil changed
A23: 131.ST200.M11 | B23: =IFERROR( INDEX($E$1:$AAA$1, MATCH(2, 1/(($E23:$AAA23="NORMAL")+($E23:$AAA23="CAUTION")+($E23:$AAA23="ALERT")+($E23:$AAA23="Oil changed")), 1) ), "Missing") -> 46113 | C23: 210 | D23: 6 Months | G23: ALERT | H23: CAUTION | I23: ALERT | M23: NORMAL | S23: MISSING | T23: NORMAL | Z23: MISSING | AA23: ALERT | AF23: ALERT | AG23: ALERT | AM23: MISSING | AN23: ALERT | AQ23: ALERT | AR23: ALERT | AS23: ALERT | AV23: ALERT | AX23: Oil changed
A24: 131.ST200.M12 | B24: =IFERROR( INDEX($E$1:$AAA$1, MATCH(2, 1/(($E24:$AAA24="NORMAL")+($E24:$AAA24="CAUTION")+($E24:$AAA24="ALERT")+($E24:$AAA24="Oil changed")), 1) ), "Missing") -> 46113 | C24: 210 | D24: 6 Months | G24: CAUTION | H24: CAUTION | M24: ALERT | S24: MISSING | T24: NORMAL | Z24: MISSING | AA24: ALERT | AF24: ALERT | AG24: ALERT | AM24: MISSING | AP24: MISSING | AS24: ALERT | AV24: ALERT | AX24: Oil changed
A25: 261.CV600 | B25: =IFERROR( INDEX($E$1:$AAA$1, MATCH(2, 1/(($E25:$AAA25="NORMAL")+($E25:$AAA25="CAUTION")+($E25:$AAA25="ALERT")+($E25:$AAA25="Oil changed")), 1) ), "Missing") -> 46054 | C25: 365 | D25: If needed | O25: ALERT | AR25: NORMAL | AV25: NORMAL
A26: 261.SH050 (T) | B26: =IFERROR( INDEX($E$1:$AAA$1, MATCH(2, 1/(($E26:$AAA26="NORMAL")+($E26:$AAA26="CAUTION")+($E26:$AAA26="ALERT")+($E26:$AAA26="Oil changed")), 1) ), "Missing") -> 46082 | C26: 365 | D26: If needed | G26: NORMAL | H26: ALERT | K26: NORMAL | O26: ALERT | W26: ALERT | X26: NORMAL | AF26: CAUTION | AG26: CAUTION | AJ26: ALERT | AN26: ALERT | AQ26: NORMAL | AR26: ALERT | AS26: ALERT | AV26: ALERT | AW26: NORMAL
A27: 263.AF010 | B27: =IFERROR( INDEX($E$1:$AAA$1, MATCH(2, 1/(($E27:$AAA27="NORMAL")+($E27:$AAA27="CAUTION")+($E27:$AAA27="ALERT")+($E27:$AAA27="Oil changed")), 1) ), "Missing") -> 46113 | C27: 365 | D27: If needed | AG27: ALERT | AV27: ALERT | AX27: ALERT
A28: 321.BE220 | B28: =IFERROR( INDEX($E$1:$AAA$1, MATCH(2, 1/(($E28:$AAA28="NORMAL")+($E28:$AAA28="CAUTION")+($E28:$AAA28="ALERT")+($E28:$AAA28="Oil changed")), 1) ), "Missing") -> 45962 | C28: 210 | D28: 6 Months | G28: CAUTION | H28: NORMAL | M28: NORMAL | S28: MISSING | Y28: MISSING | AE28: MISSING | AF28: ALERT | AL28: MISSING | AP28: MISSING | AR28: Insufficient Sample | AS28: ALERT
A29: 321.FN400(Fr.B) | B29: =IFERROR( INDEX($E$1:$AAA$1, MATCH(2, 1/(($E29:$AAA29="NORMAL")+($E29:$AAA29="CAUTION")+($E29:$AAA29="ALERT")+($E29:$AAA29="Oil changed")), 1) ), "Missing") -> 46113 | C29: 210 | D29: 6 Months | E29: CAUTION | H29: NORMAL | M29: NORMAL | S29: MISSING | Y29: MISSING | AE29: MISSING | AF29: ALERT | AL29: MISSING | AP29: MISSING | AR29: ALERT | AW29: ALERT | AX29: ALERT
A30: 321.FN400(Fx.B) | B30: =IFERROR( INDEX($E$1:$AAA$1, MATCH(2, 1/(($E30:$AAA30="NORMAL")+($E30:$AAA30="CAUTION")+($E30:$AAA30="ALERT")+($E30:$AAA30="Oil changed")), 1) ), "Missing") -> 46113 | C30: 210 | D30: 6 Months | E30: CAUTION | H30: NORMAL | M30: NORMAL | S30: MISSING | Y30: MISSING | AE30: MISSING | AF30: ALERT | AL30: MISSING | AP30: MISSING | AR30: ALERT | AX30: ALERT
A31: 321.HY110 | B31: =IFERROR( INDEX($E$1:$AAA$1, MATCH(2, 1/(($E31:$AAA31="NORMAL")+($E31:$AAA31="CAUTION")+($E31:$AAA31="ALERT")+($E31:$AAA31="Oil changed")), 1) ), "Missing") -> 46113 | C31: 60 | D31: Monthly | E31: ALERT | F31: CAUTION | G31: NORMAL | H31: MISSING | I31: ALERT | J31: CAUTION | K31: NORMAL | L31: MISSING | M31: ALERT | N31: ALERT | O31: CAUTION | P31: MISSING | Q31: ALERT | R31: MISSING | S31: MISSING | T31: NORMAL | U31: CAUTION | V31: MISSING | W31: CAUTION | X31: CAUTION | Y31: MISSING | Z31: MISSING | AA31: MISSING | AB31: MISSING | AC31: ALERT | AD31: MISSING | AE31: ALERT | AF31: CAUTION | AG31: ALERT | AH31: MISSING | AI31: NORMAL | AJ31: MISSING | AK31: MISSING | AL31: MISSING | AM31: MISSING | AN31: CAUTION | AO31: MISSING | AP31: MISSING | AQ31: ALERT | AR31: ALERT | AS31: ALERT | AT31: NORMAL | AU31: MISSING | AV31: NORMAL | AW31: CAUTION | AX31: CAUTION
A32: 321.LQ120 (R1) | B32: =IFERROR( INDEX($E$1:$AAA$1, MATCH(2, 1/(($E32:$AAA32="NORMAL")+($E32:$AAA32="CAUTION")+($E32:$AAA32="ALERT")+($E32:$AAA32="Oil changed")), 1) ), "Missing") -> Missing | C32: 365 | D32: If needed | AV32: MISSING
A33: 321.LQ120 (R2) | B33: =IFERROR( INDEX($E$1:$AAA$1, MATCH(2, 1/(($E33:$AAA33="NORMAL")+($E33:$AAA33="CAUTION")+($E33:$AAA33="ALERT")+($E33:$AAA33="Oil changed")), 1) ), "Missing") -> Missing | C33: 365 | D33: If needed | AV33: MISSING
A34: 321.LQ120 (R3) | B34: =IFERROR( INDEX($E$1:$AAA$1, MATCH(2, 1/(($E34:$AAA34="NORMAL")+($E34:$AAA34="CAUTION")+($E34:$AAA34="ALERT")+($E34:$AAA34="Oil changed")), 1) ), "Missing") -> 46054 | C34: 365 | D34: If needed | X34: NORMAL | AV34: NORMAL
A35: 321.LQ120 (T) | B35: =IFERROR( INDEX($E$1:$AAA$1, MATCH(2, 1/(($E35:$AAA35="NORMAL")+($E35:$AAA35="CAUTION")+($E35:$AAA35="ALERT")+($E35:$AAA35="Oil changed")), 1) ), "Missing") -> 46113 | C35: 60 | D35: Monthly | E35: ALERT | F35: ALERT | G35: ALERT | H35: ALERT | I35: ALERT | J35: ALERT | K35: ALERT | L35: ALERT | M35: ALERT | N35: NORMAL | O35: NORMAL | P35: MISSING | Q35: ALERT | R35: MISSING | S35: MISSING | T35: ALERT | U35: ALERT | V35: ALERT | W35: ALERT | X35: MISSING | Y35: MISSING | Z35: MISSING | AA35: MISSING | AB35: NORMAL | AC35: NORMAL | AD35: MISSING | AE35: NORMAL | AF35: MISSING | AG35: NORMAL | AH35: MISSING | AI35: NORMAL | AJ35: MISSING | AK35: MISSING | AL35: MISSING | AM35: MISSING | AN35: NORMAL | AO35: MISSING | AP35: MISSING | AQ35: NORMAL | AR35: MISSING | AS35: CAUTION | AT35: CAUTION | AU35: MISSING | AV35: MISSING | AW35: CAUTION | AX35: CAUTION
A36: 321.LQ145(GB) | B36: =IFERROR( INDEX($E$1:$AAA$1, MATCH(2, 1/(($E36:$AAA36="NORMAL")+($E36:$AAA36="CAUTION")+($E36:$AAA36="ALERT")+($E36:$AAA36="Oil changed")), 1) ), "Missing") -> 46113 | C36: 60 | D36: Monthly | E36: NORMAL | F36: MISSING | G36: MISSING | H36: CAUTION | I36: MISSING | J36: MISSING | K36: NORMAL | L36: MISSING | M36: MISSING | N36: ALERT | O36: MISSING | P36: MISSING | Q36: ALERT | R36: MISSING | S36: MISSING | T36: MISSING | U36: MISSING | V36: MISSING | W36: MISSING | X36: MISSING | Y36: MISSING | Z36: MISSING | AA36: MISSING | AB36: MISSING | AC36: CAUTION | AD36: MISSING | AE36: CAUTION | AF36: MISSING | AG36: MISSING | AH36: MISSING | AI36: ALERT | AJ36: MISSING | AK36: MISSING | AL36: MISSING | AM36: MISSING | AN36: MISSING | AO36: MISSING | AP36: MISSING | AQ36: MISSING | AR36: MISSING | AS36: MISSING | AT36: MISSING | AU36: MISSING | AV36: MISSING | AW36: ALERT | AX36: ALERT
A37: 321.LQ145 (T) | B37: =IFERROR( INDEX($E$1:$AAA$1, MATCH(2, 1/(($E37:$AAA37="NORMAL")+($E37:$AAA37="CAUTION")+($E37:$AAA37="ALERT")+($E37:$AAA37="Oil changed")), 1) ), "Missing") -> 46113 | C37: 365 | D37: If needed | T37: ALERT | U37: ALERT | Y37: ALERT | AB37: ALERT | AE37: NORMAL | AN37: ALERT | AR37: NORMAL | AT37: ALERT | AX37: NORMAL
A38: 321.MD152 | B38: =IFERROR( INDEX($E$1:$AAA$1, MATCH(2, 1/(($E38:$AAA38="NORMAL")+($E38:$AAA38="CAUTION")+($E38:$AAA38="ALERT")+($E38:$AAA38="Oil changed")), 1) ), "Missing") -> 46113 | C38: 210 | D38: 6 Months | F38: ALERT | L38: CAUTION | R38: ALERT | S38: MISSING | T38: ALERT | U38: ALERT | V38: ALERT | AB38: MISSING | AE38: CAUTION | AF38: CAUTION | AG38: CAUTION | AM38: MISSING | AN38: CAUTION | AS38: ALERT | AX38: Oil changed
A39: 321.RF090 | B39: =IFERROR( INDEX($E$1:$AAA$1, MATCH(2, 1/(($E39:$AAA39="NORMAL")+($E39:$AAA39="CAUTION")+($E39:$AAA39="ALERT")+($E39:$AAA39="Oil changed")), 1) ), "Missing") -> 46054 | C39: 210 | D39: 6 Months | E39: ALERT | F39: ALERT | K39: NORMAL | Q39: CAUTION | R39: NORMAL | S39: MISSING | W39: ALERT | Y39: ALERT | AC39: ALERT | AF39: NORMAL | AG39: CAUTION | AM39: MISSING | AN39: NORMAL | AT39: MISSING | AV39: NORMAL
A40: R2.322.BE220 | B40: =IFERROR( INDEX($E$1:$AAA$1, MATCH(2, 1/(($E40:$AAA40="NORMAL")+($E40:$AAA40="CAUTION")+($E40:$AAA40="ALERT")+($E40:$AAA40="Oil changed")), 1) ), "Missing") -> 46113 | C40: 210 | D40: 6 Months | F40: NORMAL | M40: NORMAL | S40: MISSING | Y40: MISSING | AE40: MISSING | AF40: NORMAL | AL40: MISSING | AP40: MISSING | AR40: ALERT | AS40: ALERT | AX40: Oil changed
A41: R2.322.FN400(Fr.B) | B41: =IFERROR( INDEX($E$1:$AAA$1, MATCH(2, 1/(($E41:$AAA41="NORMAL")+($E41:$AAA41="CAUTION")+($E41:$AAA41="ALERT")+($E41:$AAA41="Oil changed")), 1) ), "Missing") -> 46082 | C41: 210 | D41: 6 Months | E41: NORMAL | F41: NORMAL | K41: NORMAL | Q41: NORMAL | R41: NORMAL | S41: MISSING | X41: MISSING | AB41: NORMAL | AC41: NORMAL | AF41: NORMAL | AI41: ALERT | AP41: MISSING | AQ41: NORMAL | AV41: NORMAL | AW41: ALERT
A42: R2.322.FN400(Fx.B) | B42: =IFERROR( INDEX($E$1:$AAA$1, MATCH(2, 1/(($E42:$AAA42="NORMAL")+($E42:$AAA42="CAUTION")+($E42:$AAA42="ALERT")+($E42:$AAA42="Oil changed")), 1) ), "Missing") -> 46054 | C42: 210 | D42: 6 Months | E42: ALERT | F42: CAUTION | K42: NORMAL | Q42: CAUTION | R42: NORMAL | S42: MISSING | X42: MISSING | AC42: NORMAL | AF42: ALERT | AL42: MISSING | AP42: MISSING | AQ42: Insufficient Sample | AV42: NORMAL
A43: R2.322.HY110 | B43: =IFERROR( INDEX($E$1:$AAA$1, MATCH(2, 1/(($E43:$AAA43="NORMAL")+($E43:$AAA43="CAUTION")+($E43:$AAA43="ALERT")+($E43:$AAA43="Oil changed")), 1) ), "Missing") -> 46113 | C43: 60 | D43: Monthly | E43: ALERT | F43: NORMAL | G43: NORMAL | H43: MISSING | I43: CAUTION | J43: NORMAL | K43: CAUTION | L43: CAUTION | M43: NORMAL | N43: MISSING | O43: CAUTION | P43: MISSING | Q43: MISSING | R43: MISSING | S43: MISSING | T43: CAUTION | U43: NORMAL | V43: MISSING | W43: CAUTION | X43: MISSING | Y43: MISSING | Z43: MISSING | AA43: MISSING | AB43: MISSING | AC43: NORMAL | AD43: MISSING | AE43: MISSING | AF43: NORMAL | AG43: CAUTION | AH43: MISSING | AI43: NORMAL | AJ43: MISSING | AK43: MISSING | AL43: MISSING | AM43: MISSING | AN43: CAUTION | AO43: MISSING | AP43: MISSING | AQ43: NORMAL | AR43: ALERT | AS43: NORMAL | AT43: MISSING | AU43: MISSING | AV43: CAUTION | AW43: CAUTION | AX43: CAUTION
A44: 322.LQ120 (R1) | B44: =IFERROR( INDEX($E$1:$AAA$1, MATCH(2, 1/(($E44:$AAA44="NORMAL")+($E44:$AAA44="CAUTION")+($E44:$AAA44="ALERT")+($E44:$AAA44="Oil changed")), 1) ), "Missing") -> 46054 | C44: 365 | D44: If needed | AI44: ALERT | AV44: ALERT
A45: 322.LQ120 (R2) | B45: =IFERROR( INDEX($E$1:$AAA$1, MATCH(2, 1/(($E45:$AAA45="NORMAL")+($E45:$AAA45="CAUTION")+($E45:$AAA45="ALERT")+($E45:$AAA45="Oil changed")), 1) ), "Missing") -> 46054 | C45: 365 | D45: If needed | AI45: ALERT | AV45: ALERT
A46: 322.LQ120 (R3) | B46: =IFERROR( INDEX($E$1:$AAA$1, MATCH(2, 1/(($E46:$AAA46="NORMAL")+($E46:$AAA46="CAUTION")+($E46:$AAA46="ALERT")+($E46:$AAA46="Oil changed")), 1) ), "Missing") -> 46054 | C46: 365 | D46: If needed | AI46: ALERT | AV46: ALERT
A47: R2.322.LQ120(T) | B47: =IFERROR( INDEX($E$1:$AAA$1, MATCH(2, 1/(($E47:$AAA47="NORMAL")+($E47:$AAA47="CAUTION")+($E47:$AAA47="ALERT")+($E47:$AAA47="Oil changed")), 1) ), "Missing") -> 46113 | C47: 60 | D47: Monthly | E47: NORMAL | F47: CAUTION | G47: ALERT | H47: ALERT | I47: ALERT | J47: ALERT | K47: NORMAL | L47: MISSING | M47: ALERT | N47: ALERT | O47: ALERT | P47: ALERT | Q47: MISSING | R47: ALERT | S47: MISSING | T47: MISSING | U47: NORMAL | V47: NORMAL | W47: NORMAL | X47: MISSING | Y47: ALERT | Z47: MISSING | AA47: MISSING | AB47: ALERT | AC47: CAUTION | AD47: MISSING | AE47: ALERT | AF47: MISSING | AG47: ALERT | AH47: MISSING | AI47: ALERT | AJ47: MISSING | AK47: MISSING | AL47: MISSING | AM47: MISSING | AN47: CAUTION | AO47: MISSING | AP47: MISSING | AQ47: CAUTION | AR47: ALERT | AS47: CAUTION | AT47: ALERT | AU47: MISSING | AV47: MISSING | AW47: MISSING | AX47: CAUTION
A48: R2.322.LQ145 (GB) | B48: =IFERROR( INDEX($E$1:$AAA$1, MATCH(2, 1/(($E48:$AAA48="NORMAL")+($E48:$AAA48="CAUTION")+($E48:$AAA48="ALERT")+($E48:$AAA48="Oil changed")), 1) ), "Missing") -> 46113 | C48: 60 | D48: Monthly | E48: NORMAL | G48: MISSING | H48: CAUTION | I48: NORMAL | J48: MISSING | K48: CAUTION | L48: ALERT | M48: CAUTION | N48: CAUTION | O48: MISSING | P48: MISSING | Q48: MISSING | R48: MISSING | S48: MISSING | T48: MISSING | U48: MISSING | V48: MISSING | W48: MISSING | X48: MISSING | Y48: MISSING | Z48: MISSING | AA48: MISSING | AB48: MISSING | AC48: MISSING | AD48: MISSING | AE48: ALERT | AF48: MISSING | AG48: MISSING | AH48: MISSING | AI48: MISSING | AJ48: MISSING | AK48: MISSING | AL48: MISSING | AM48: MISSING | AN48: MISSING | AO48: MISSING | AP48: MISSING | AQ48: MISSING | AR48: MISSING | AS48: MISSING | AT48: MISSING | AU48: MISSING | AV48: ALERT | AW48: MISSING | AX48: CAUTION
A49: R2.322.LQ145 (T) | B49: =IFERROR( INDEX($E$1:$AAA$1, MATCH(2, 1/(($E49:$AAA49="NORMAL")+($E49:$AAA49="CAUTION")+($E49:$AAA49="ALERT")+($E49:$AAA49="Oil changed")), 1) ), "Missing") -> 46113 | C49: 365 | D49: If needed | Q49: CAUTION | T49: ALERT | U49: ALERT | V49: ALERT | W49: ALERT | AB49: CAUTION | AC49: ALERT | AE49: NORMAL | AG49: ALERT | AN49: NORMAL | AQ49: NORMAL | AS49: NORMAL | AV49: NORMAL | AW49: ALERT | AX49: NORMAL
A50: 322.MD152 | B50: =IFERROR( INDEX($E$1:$AAA$1, MATCH(2, 1/(($E50:$AAA50="NORMAL")+($E50:$AAA50="CAUTION")+($E50:$AAA50="ALERT")+($E50:$AAA50="Oil changed")), 1) ), "Missing") -> 45931 | C50: 210 | D50: 6 Months | E50: CAUTION | K50: CAUTION | Q50: MISSING | S50: MISSING | W50: MISSING | X50: NORMAL | AC50: ALERT | AE50: ALERT | AK50: MISSING | AN50: CAUTION | AQ50: ALERT | AR50: ALERT | AX50: MISSING
A51: R2.322.RF090 | B51: =IFERROR( INDEX($E$1:$AAA$1, MATCH(2, 1/(($E51:$AAA51="NORMAL")+($E51:$AAA51="CAUTION")+($E51:$AAA51="ALERT")+($E51:$AAA51="Oil changed")), 1) ), "Missing") -> 46113 | C51: 210 | D51: 6 Months | E51: NORMAL | K51: CAUTION | Q51: CAUTION | S51: MISSING | T51: NORMAL | W51: ALERT | X51: NORMAL | AC51: NORMAL | AI51: MISSING | AJ51: ALERT | AP51: MISSING | AQ51: ALERT | AR51: ALERT | AV51: ALERT | AX51: CAUTION
A52: 331.FN110(Fr.B.) | B52: =IFERROR( INDEX($E$1:$AAA$1, MATCH(2, 1/(($E52:$AAA52="NORMAL")+($E52:$AAA52="CAUTION")+($E52:$AAA52="ALERT")+($E52:$AAA52="Oil changed")), 1) ), "Missing") -> 46113 | C52: 210 | D52: 6 Months | H52: ALERT | M52: NORMAL | S52: MISSING | Y52: MISSING | AE52: MISSING | AF52: ALERT | AG52: MISSING | AH52: MISSING | AI52: MISSING | AJ52: MISSING | AK52: MISSING | AL52: MISSING | AM52: MISSING | AN52: MISSING | AO52: MISSING | AP52: MISSING | AQ52: ALERT | AR52: ALERT | AX52: ALERT
A53: 331.FN110(Fx.B.) | B53: =IFERROR( INDEX($E$1:$AAA$1, MATCH(2, 1/(($E53:$AAA53="NORMAL")+($E53:$AAA53="CAUTION")+($E53:$AAA53="ALERT")+($E53:$AAA53="Oil changed")), 1) ), "Missing") -> 46113 | C53: 210 | D53: 6 Months | H53: ALERT | K53: ALERT | M53: NORMAL | S53: MISSING | Y53: MISSING | AB53: CAUTION | AC53: ALERT | AF53: ALERT | AG53: MISSING | AH53: MISSING | AI53: MISSING | AJ53: MISSING | AK53: MISSING | AL53: MISSING | AM53: MISSING | AN53: MISSING | AO53: MISSING | AP53: MISSING | AQ53: MISSING | AR53: MISSING | AS53: MISSING | AT53: MISSING | AU53: MISSING | AV53: ALERT | AW53: ALERT | AX53: ALERT
A54: 331.FN400 | B54: =IFERROR( INDEX($E$1:$AAA$1, MATCH(2, 1/(($E54:$AAA54="NORMAL")+($E54:$AAA54="CAUTION")+($E54:$AAA54="ALERT")+($E54:$AAA54="Oil changed")), 1) ), "Missing") -> 46054 | C54: 210 | D54: 6 Months | E54: NORMAL | K54: NORMAL | Q54: CAUTION | S54: MISSING | T54: ALERT | W54: CAUTION | AC54: CAUTION | AE54: CAUTION | AI54: CAUTION | AP54: MISSING | AQ54: MISSING | AR54: MISSING | AS54: MISSING | AT54: MISSING | AU54: MISSING | AV54: CAUTION
A55: R2.332.FN110(Fr.B.) | B55: =IFERROR( INDEX($E$1:$AAA$1, MATCH(2, 1/(($E55:$AAA55="NORMAL")+($E55:$AAA55="CAUTION")+($E55:$AAA55="ALERT")+($E55:$AAA55="Oil changed")), 1) ), "Missing") -> 46054 | C55: 210 | D55: 6 Months | E55: CAUTION | F55: ALERT | K55: ALERT | Q55: MISSING | R55: ALERT | S55: MISSING | X55: MISSING | AB55: ALERT | AC55: NORMAL | AF55: ALERT | AL55: MISSING | AP55: MISSING | AR55: ALERT | AS55: ALERT | AV55: ALERT
A56: R2.332.FN110(Fx.B.) | B56: =IFERROR( INDEX($E$1:$AAA$1, MATCH(2, 1/(($E56:$AAA56="NORMAL")+($E56:$AAA56="CAUTION")+($E56:$AAA56="ALERT")+($E56:$AAA56="Oil changed")), 1) ), "Missing") -> 46054 | C56: 210 | D56: 6 Months | E56: ALERT | F56: ALERT | Q56: CAUTION | R56: CAUTION | S56: MISSING | X56: MISSING | AB56: CAUTION | AH56: MISSING | AI56: MISSING | AP56: MISSING | AR56: ALERT | AS56: ALERT | AV56: ALERT
A57: 332.FN400 | B57: =IFERROR( INDEX($E$1:$AAA$1, MATCH(2, 1/(($E57:$AAA57="NORMAL")+($E57:$AAA57="CAUTION")+($E57:$AAA57="ALERT")+($E57:$AAA57="Oil changed")), 1) ), "Missing") -> 46113 | C57: 210 | D57: 6 Months | E57: NORMAL | K57: NORMAL | Q57: CAUTION | S57: MISSING | W57: MISSING | X57: NORMAL | AC57: CAUTION | AI57: MISSING | AP57: MISSING | AQ57: ALERT | AR57: ALERT | AX57: ALERT
A58: 341.BE040 L | B58: =IFERROR( INDEX($E$1:$AAA$1, MATCH(2, 1/(($E58:$AAA58="NORMAL")+($E58:$AAA58="CAUTION")+($E58:$AAA58="ALERT")+($E58:$AAA58="Oil changed")), 1) ), "Missing") -> 46113 | C58: 210 | D58: 6 Months | G58: CAUTION | H58: NORMAL | M58: NORMAL | S58: MISSING | Y58: MISSING | Z58: MISSING | AA58: MISSING | AB58: MISSING | AC58: MISSING | AD58: MISSING | AE58: MISSING | AF58: NORMAL | AL58: MISSING | AP58: MISSING | AR58: NORMAL | AV58: NORMAL | AX58: NORMAL
A59: 341.BE040 R | B59: =IFERROR( INDEX($E$1:$AAA$1, MATCH(2, 1/(($E59:$AAA59="NORMAL")+($E59:$AAA59="CAUTION")+($E59:$AAA59="ALERT")+($E59:$AAA59="Oil changed")), 1) ), "Missing") -> 46113 | C59: 210 | D59: 6 Months | G59: NORMAL | M59: ALERT | S59: MISSING | T59: ALERT | U59: ALERT | AA59: MISSING | AB59: MISSING | AC59: MISSING | AD59: MISSING | AE59: MISSING | AF59: ALERT | AL59: MISSING | AP59: MISSING | AR59: ALERT | AS59: ALERT | AX59: Oil changed
A60: 342.BE050 L | B60: =IFERROR( INDEX($E$1:$AAA$1, MATCH(2, 1/(($E60:$AAA60="NORMAL")+($E60:$AAA60="CAUTION")+($E60:$AAA60="ALERT")+($E60:$AAA60="Oil changed")), 1) ), "Missing") -> 45962 | C60: 210 | D60: 6 Months | E60: ALERT | F60: CAUTION | G60: CAUTION | H60: CAUTION | I60: CAUTION | M60: CAUTION | S60: MISSING | T60: ALERT | U60: ALERT | AA60: ALERT | AF60: CAUTION | AJ60: ALERT | AN60: CAUTION | AR60: ALERT | AS60: ALERT
A61: 342.BE050 R | B61: =IFERROR( INDEX($E$1:$AAA$1, MATCH(2, 1/(($E61:$AAA61="NORMAL")+($E61:$AAA61="CAUTION")+($E61:$AAA61="ALERT")+($E61:$AAA61="Oil changed")), 1) ), "Missing") -> 46113 | C61: 210 | D61: 6 Months | G61: NORMAL | M61: ALERT | S61: MISSING | Y61: MISSING | AA61: ALERT | AF61: CAUTION | AJ61: ALERT | AN61: ALERT | AR61: ALERT | AW61: CAUTION | AX61: CAUTION
A62: 351.BE350 L | B62: =IFERROR( INDEX($E$1:$AAA$1, MATCH(2, 1/(($E62:$AAA62="NORMAL")+($E62:$AAA62="CAUTION")+($E62:$AAA62="ALERT")+($E62:$AAA62="Oil changed")), 1) ), "Missing") -> 46113 | C62: 210 | D62: 6 Months | G62: CAUTION | M62: NORMAL | S62: MISSING | Y62: MISSING | AE62: MISSING | AF62: CAUTION | AL62: MISSING | AP62: MISSING | AR62: NORMAL | AV62: NORMAL | AW62: CAUTION | AX62: CAUTION
A63: 351.BE350 R | B63: =IFERROR( INDEX($E$1:$AAA$1, MATCH(2, 1/(($E63:$AAA63="NORMAL")+($E63:$AAA63="CAUTION")+($E63:$AAA63="ALERT")+($E63:$AAA63="Oil changed")), 1) ), "Missing") -> 45962 | C63: 210 | D63: 6 Months | G63: NORMAL | M63: ALERT | S63: MISSING | T63: CAUTION | Z63: MISSING | AF63: CAUTION | AL63: MISSING | AP63: MISSING | AR63: ALERT | AS63: ALERT
A64: 352.BE340 L | B64: =IFERROR( INDEX($E$1:$AAA$1, MATCH(2, 1/(($E64:$AAA64="NORMAL")+($E64:$AAA64="CAUTION")+($E64:$AAA64="ALERT")+($E64:$AAA64="Oil changed")), 1) ), "Missing") -> 46054 | C64: 210 | D64: 6 Months | G64: ALERT | M64: ALERT | S64: MISSING | T64: CAUTION | U64: CAUTION | AA64: ALERT | AF64: NORMAL | AJ64: ALERT | AN64: CAUTION | AR64: ALERT | AS64: ALERT | AT64: ALERT | AV64: NORMAL
A65: 352.BE340 R | B65: =IFERROR( INDEX($E$1:$AAA$1, MATCH(2, 1/(($E65:$AAA65="NORMAL")+($E65:$AAA65="CAUTION")+($E65:$AAA65="ALERT")+($E65:$AAA65="Oil changed")), 1) ), "Missing") -> 46113 | C65: 210 | D65: 6 Months | F65: ALERT | G65: ALERT | M65: ALERT | S65: MISSING | Y65: MISSING | AA65: ALERT | AF65: ALERT | AJ65: ALERT | AN65: CAUTION | AR65: ALERT | AX65: ALERT
A66: 421.FV770 | B66: =IFERROR( INDEX($E$1:$AAA$1, MATCH(2, 1/(($E66:$AAA66="NORMAL")+($E66:$AAA66="CAUTION")+($E66:$AAA66="ALERT")+($E66:$AAA66="Oil changed")), 1) ), "Missing") -> 46054 | C66: 365 | D66: If needed | P66: NORMAL | V66: NORMAL | AB66: NORMAL | AI66: NORMAL | AN66: NORMAL | AT66: NORMAL | AV66: NORMAL
A67: 421.HR700 (A) | B67: =IFERROR( INDEX($E$1:$AAA$1, MATCH(2, 1/(($E67:$AAA67="NORMAL")+($E67:$AAA67="CAUTION")+($E67:$AAA67="ALERT")+($E67:$AAA67="Oil changed")), 1) ), "Missing") -> 46113 | C67: 365 | D67: If needed | N67: ALERT | O67: ALERT | R67: NORMAL | V67: NORMAL | AE67: NORMAL | AI67: CAUTION | AN67: NORMAL | AQ67: NORMAL | AT67: NORMAL | AV67: NORMAL | AX67: NORMAL
A68: 421.HR700 (B) | B68: =IFERROR( INDEX($E$1:$AAA$1, MATCH(2, 1/(($E68:$AAA68="NORMAL")+($E68:$AAA68="CAUTION")+($E68:$AAA68="ALERT")+($E68:$AAA68="Oil changed")), 1) ), "Missing") -> 46082 | C68: 365 | D68: If needed | N68: ALERT | O68: ALERT | R68: ALERT | V68: NORMAL | AE68: CAUTION | AF68: NORMAL | AN68: NORMAL | AR68: NORMAL | AV68: NORMAL | AW68: NORMAL
A69: 431.HT120 | B69: =IFERROR( INDEX($E$1:$AAA$1, MATCH(2, 1/(($E69:$AAA69="NORMAL")+($E69:$AAA69="CAUTION")+($E69:$AAA69="ALERT")+($E69:$AAA69="Oil changed")), 1) ), "Missing") -> 46054 | C69: 120 | D69: 3 Months | I69: NORMAL | L69: CAUTION | O69: NORMAL | R69: NORMAL | S69: MISSING | U69: NORMAL | X69: NORMAL | AA69: MISSING | AB69: NORMAL | AE69: NORMAL | AG69: NORMAL | AJ69: MISSING | AM69: MISSING | AN69: NORMAL | AQ69: NORMAL | AT69: MISSING | AV69: NORMAL
A70: 431.HT120(BE) | B70: =IFERROR( INDEX($E$1:$AAA$1, MATCH(2, 1/(($E70:$AAA70="NORMAL")+($E70:$AAA70="CAUTION")+($E70:$AAA70="ALERT")+($E70:$AAA70="Oil changed")), 1) ), "Missing") -> 46113 | C70: 120 | D70: 3 Months | F70: ALERT | I70: NORMAL | M70: NORMAL | O70: NORMAL | R70: CAUTION | S70: MISSING | U70: ALERT | X70: NORMAL | AA70: MISSING | AB70: NORMAL | AE70: MISSING | AF70: MISSING | AG70: NORMAL | AJ70: MISSING | AM70: MISSING | AN70: ALERT | AQ70: MISSING | AR70: NORMAL | AS70: NORMAL | AV70: CAUTION | AW70: CAUTION | AX70: CAUTION
A71: 431.KB101(1) | B71: =IFERROR( INDEX($E$1:$AAA$1, MATCH(2, 1/(($E71:$AAA71="NORMAL")+($E71:$AAA71="CAUTION")+($E71:$AAA71="ALERT")+($E71:$AAA71="Oil changed")), 1) ), "Missing") -> 45992 | C71: 150 | D71: 4 Months | F71: ALERT | J71: ALERT | N71: ALERT | R71: ALERT | S71: MISSING | V71: MISSING | Z71: MISSING | AD71: MISSING | AE71: ALERT | AI71: MISSING | AM71: MISSING | AN71: MISSING | AO71: MISSING | AP71: MISSING | AQ71: MISSING | AR71: MISSING | AS71: MISSING | AT71: ALERT | AX71: MISSING
A72: 431.KB101(2) | B72: =IFERROR( INDEX($E$1:$AAA$1, MATCH(2, 1/(($E72:$AAA72="NORMAL")+($E72:$AAA72="CAUTION")+($E72:$AAA72="ALERT")+($E72:$AAA72="Oil changed")), 1) ), "Missing") -> 46082 | C72: 150 | D72: 4 Months | F72: ALERT | J72: ALERT | N72: ALERT | R72: ALERT | S72: MISSING | V72: MISSING | Z72: MISSING | AD72: MISSING | AE72: ALERT | AI72: MISSING | AM72: MISSING | AN72: MISSING | AO72: MISSING | AP72: MISSING | AQ72: MISSING | AR72: MISSING | AS72: MISSING | AT72: ALERT | AW72: ALERT
A73: 431.KB101(3) | B73: =IFERROR( INDEX($E$1:$AAA$1, MATCH(2, 1/(($E73:$AAA73="NORMAL")+($E73:$AAA73="CAUTION")+($E73:$AAA73="ALERT")+($E73:$AAA73="Oil changed")), 1) ), "Missing") -> 45992 | C73: 150 | D73: 4 Months | F73: ALERT | J73: ALERT | N73: ALERT | R73: ALERT | S73: MISSING | V73: MISSING | Z73: MISSING | AD73: MISSING | AE73: ALERT | AI73: MISSING | AM73: MISSING | AN73: MISSING | AO73: MISSING | AP73: MISSING | AQ73: MISSING | AR73: MISSING | AS73: MISSING | AT73: ALERT | AX73: MISSING
A74: 431.KB101(4) | B74: =IFERROR( INDEX($E$1:$AAA$1, MATCH(2, 1/(($E74:$AAA74="NORMAL")+($E74:$AAA74="CAUTION")+($E74:$AAA74="ALERT")+($E74:$AAA74="Oil changed")), 1) ), "Missing") -> 46082 | C74: 150 | D74: 4 Months | F74: ALERT | J74: ALERT | N74: ALERT | R74: ALERT | S74: MISSING | V74: MISSING | Z74: MISSING | AD74: MISSING | AE74: ALERT | AI74: MISSING | AM74: MISSING | AN74: MISSING | AO74: MISSING | AP74: MISSING | AQ74: MISSING | AR74: MISSING | AS74: MISSING | AT74: ALERT | AW74: ALERT
A75: 431.KB102(1) | B75: =IFERROR( INDEX($E$1:$AAA$1, MATCH(2, 1/(($E75:$AAA75="NORMAL")+($E75:$AAA75="CAUTION")+($E75:$AAA75="ALERT")+($E75:$AAA75="Oil changed")), 1) ), "Missing") -> 45992 | C75: 150 | D75: 4 Months | F75: ALERT | J75: MISSING | N75: ALERT | R75: ALERT | S75: MISSING | V75: MISSING | Z75: MISSING | AD75: MISSING | AE75: ALERT | AI75: MISSING | AM75: MISSING | AN75: MISSING | AO75: MISSING | AP75: MISSING | AQ75: MISSING | AR75: MISSING | AS75: MISSING | AT75: ALERT | AX75: MISSING
A76: 431.KB102(2) | B76: =IFERROR( INDEX($E$1:$AAA$1, MATCH(2, 1/(($E76:$AAA76="NORMAL")+($E76:$AAA76="CAUTION")+($E76:$AAA76="ALERT")+($E76:$AAA76="Oil changed")), 1) ), "Missing") -> 45992 | C76: 150 | D76: 4 Months | F76: ALERT | J76: ALERT | N76: ALERT | R76: ALERT | S76: MISSING | V76: MISSING | Z76: MISSING | AD76: MISSING | AE76: ALERT | AI76: MISSING | AM76: MISSING | AN76: MISSING | AO76: MISSING | AP76: MISSING | AQ76: MISSING | AR76: MISSING | AS76: MISSING | AT76: ALERT | AX76: MISSING
A77: 431.KB102(3) | B77: =IFERROR( INDEX($E$1:$AAA$1, MATCH(2, 1/(($E77:$AAA77="NORMAL")+($E77:$AAA77="CAUTION")+($E77:$AAA77="ALERT")+($E77:$AAA77="Oil changed")), 1) ), "Missing") -> 45992 | C77: 150 | D77: 4 Months | F77: ALERT | J77: ALERT | N77: ALERT | R77: ALERT | S77: MISSING | V77: MISSING | Z77: MISSING | AD77: MISSING | AE77: ALERT | AI77: MISSING | AM77: MISSING | AN77: MISSING | AO77: MISSING | AP77: MISSING | AQ77: MISSING | AR77: MISSING | AS77: MISSING | AT77: ALERT | AX77: MISSING
A78: 431.KB102(4) | B78: =IFERROR( INDEX($E$1:$AAA$1, MATCH(2, 1/(($E78:$AAA78="NORMAL")+($E78:$AAA78="CAUTION")+($E78:$AAA78="ALERT")+($E78:$AAA78="Oil changed")), 1) ), "Missing") -> 46082 | C78: 150 | D78: 4 Months | F78: ALERT | J78: ALERT | N78: ALERT | R78: ALERT | S78: MISSING | V78: MISSING | Z78: MISSING | AD78: MISSING | AE78: ALERT | AI78: MISSING | AM78: MISSING | AN78: MISSING | AO78: MISSING | AP78: MISSING | AQ78: MISSING | AR78: MISSING | AS78: MISSING | AT78: ALERT | AW78: ALERT
A79: 431.KB103(1) | B79: =IFERROR( INDEX($E$1:$AAA$1, MATCH(2, 1/(($E79:$AAA79="NORMAL")+($E79:$AAA79="CAUTION")+($E79:$AAA79="ALERT")+($E79:$AAA79="Oil changed")), 1) ), "Missing") -> 45992 | C79: 150 | D79: 4 Months | F79: ALERT | J79: ALERT | N79: ALERT | R79: ALERT | S79: MISSING | V79: MISSING | Z79: MISSING | AD79: MISSING | AE79: ALERT | AI79: MISSING | AM79: MISSING | AN79: MISSING | AO79: MISSING | AP79: MISSING | AQ79: MISSING | AR79: MISSING | AS79: MISSING | AT79: ALERT | AX79: MISSING
A80: 431.KB103(2) | B80: =IFERROR( INDEX($E$1:$AAA$1, MATCH(2, 1/(($E80:$AAA80="NORMAL")+($E80:$AAA80="CAUTION")+($E80:$AAA80="ALERT")+($E80:$AAA80="Oil changed")), 1) ), "Missing") -> 45992 | C80: 150 | D80: 4 Months | F80: ALERT | J80: ALERT | N80: ALERT | R80: ALERT | S80: MISSING | V80: MISSING | Z80: MISSING | AD80: MISSING | AE80: ALERT | AI80: MISSING | AM80: MISSING | AN80: MISSING | AO80: MISSING | AP80: MISSING | AQ80: MISSING | AR80: MISSING | AS80: MISSING | AT80: ALERT | AX80: MISSING
A81: 431.KB103(3) | B81: =IFERROR( INDEX($E$1:$AAA$1, MATCH(2, 1/(($E81:$AAA81="NORMAL")+($E81:$AAA81="CAUTION")+($E81:$AAA81="ALERT")+($E81:$AAA81="Oil changed")), 1) ), "Missing") -> 46082 | C81: 150 | D81: 4 Months | F81: ALERT | J81: ALERT | N81: ALERT | R81: ALERT | S81: MISSING | V81: MISSING | Z81: MISSING | AD81: MISSING | AE81: ALERT | AI81: MISSING | AM81: MISSING | AN81: MISSING | AO81: MISSING | AP81: MISSING | AQ81: MISSING | AR81: MISSING | AS81: MISSING | AT81: ALERT | AW81: CAUTION
A82: 431.KB103(4) | B82: =IFERROR( INDEX($E$1:$AAA$1, MATCH(2, 1/(($E82:$AAA82="NORMAL")+($E82:$AAA82="CAUTION")+($E82:$AAA82="ALERT")+($E82:$AAA82="Oil changed")), 1) ), "Missing") -> 46082 | C82: 150 | D82: 4 Months | F82: ALERT | J82: ALERT | N82: ALERT | R82: ALERT | S82: MISSING | V82: MISSING | Z82: MISSING | AD82: MISSING | AE82: ALERT | AI82: MISSING | AM82: MISSING | AN82: MISSING | AO82: MISSING | AP82: MISSING | AQ82: MISSING | AR82: MISSING | AS82: MISSING | AT82: ALERT | AW82: ALERT
A83: 431.MD140 (N31) | B83: =IFERROR( INDEX($E$1:$AAA$1, MATCH(2, 1/(($E83:$AAA83="NORMAL")+($E83:$AAA83="CAUTION")+($E83:$AAA83="ALERT")+($E83:$AAA83="Oil changed")), 1) ), "Missing") -> 46113 | C83: 150 | D83: 4 Months | H83: NORMAL | L83: NORMAL | P83: CAUTION | S83: MISSING | T83: NORMAL | X83: MISSING | Y83: CAUTION | AB83: NORMAL | AE83: NORMAL | AI83: CAUTION | AJ83: ALERT | AN83: NORMAL | AR83: NORMAL | AV83: MISSING | AW83: CAUTION | AX83: NORMAL
A84: 431.MD140 (N32) | B84: =IFERROR( INDEX($E$1:$AAA$1, MATCH(2, 1/(($E84:$AAA84="NORMAL")+($E84:$AAA84="CAUTION")+($E84:$AAA84="ALERT")+($E84:$AAA84="Oil changed")), 1) ), "Missing") -> 46113 | C84: 150 | D84: 4 Months | H84: NORMAL | L84: NORMAL | P84: NORMAL | S84: MISSING | T84: CAUTION | U84: NORMAL | Y84: NORMAL | AB84: NORMAL | AE84: NORMAL | AI84: CAUTION | AM84: MISSING | AN84: CAUTION | AR84: ALERT | AV84: MISSING | AW84: ALERT | AX84: NORMAL
A85: R2.432.HT120(T) | B85: =IFERROR( INDEX($E$1:$AAA$1, MATCH(2, 1/(($E85:$AAA85="NORMAL")+($E85:$AAA85="CAUTION")+($E85:$AAA85="ALERT")+($E85:$AAA85="Oil changed")), 1) ), "Missing") -> 46054 | C85: 120 | D85: 3 Months | G85: ALERT | H85: NORMAL | J85: NORMAL | M85: NORMAL | P85: NORMAL | S85: MISSING | V85: NORMAL | Y85: MISSING | AB85: CAUTION | AE85: MISSING | AF85: CAUTION | AG85: CAUTION | AJ85: CAUTION | AM85: MISSING | AN85: NORMAL | AQ85: NORMAL | AS85: NORMAL | AV85: NORMAL
A86: R2.432.HT120(BE) | B86: =IFERROR( INDEX($E$1:$AAA$1, MATCH(2, 1/(($E86:$AAA86="NORMAL")+($E86:$AAA86="CAUTION")+($E86:$AAA86="ALERT")+($E86:$AAA86="Oil changed")), 1) ), "Missing") -> 46054 | C86: 120 | D86: 3 Months | G86: NORMAL | J86: NORMAL | M86: NORMAL | P86: NORMAL | S86: MISSING | V86: ALERT | Y86: MISSING | AB86: ALERT | AE86: MISSING | AF86: CAUTION | AG86: NORMAL | AJ86: NORMAL | AM86: MISSING | AN86: NORMAL | AQ86: NORMAL | AS86: NORMAL | AV86: NORMAL
A87: R2.432.KB101(1) | B87: =IFERROR( INDEX($E$1:$AAA$1, MATCH(2, 1/(($E87:$AAA87="NORMAL")+($E87:$AAA87="CAUTION")+($E87:$AAA87="ALERT")+($E87:$AAA87="Oil changed")), 1) ), "Missing") -> 45901 | C87: 150 | D87: 4 Months | G87: ALERT | K87: ALERT | O87: ALERT | S87: MISSING | W87: MISSING | AA87: MISSING | AE87: MISSING | AI87: MISSING | AJ87: ALERT | AN87: MISSING | AO87: MISSING | AP87: MISSING | AQ87: ALERT | AU87: MISSING | AV87: MISSING | AW87: MISSING | AX87: MISSING
A88: R2.432.KB101(2) | B88: =IFERROR( INDEX($E$1:$AAA$1, MATCH(2, 1/(($E88:$AAA88="NORMAL")+($E88:$AAA88="CAUTION")+($E88:$AAA88="ALERT")+($E88:$AAA88="Oil changed")), 1) ), "Missing") -> 45901 | C88: 150 | D88: 4 Months | G88: ALERT | K88: ALERT | O88: ALERT | S88: MISSING | W88: MISSING | AA88: MISSING | AE88: MISSING | AI88: MISSING | AJ88: ALERT | AN88: MISSING | AO88: MISSING | AP88: MISSING | AQ88: ALERT | AU88: MISSING | AV88: MISSING | AW88: MISSING | AX88: MISSING
A89: R2.432.KB101(3) | B89: =IFERROR( INDEX($E$1:$AAA$1, MATCH(2, 1/(($E89:$AAA89="NORMAL")+($E89:$AAA89="CAUTION")+($E89:$AAA89="ALERT")+($E89:$AAA89="Oil changed")), 1) ), "Missing") -> 45901 | C89: 150 | D89: 4 Months | G89: ALERT | K89: ALERT | O89: ALERT | S89: MISSING | W89: MISSING | AA89: MISSING | AE89: MISSING | AI89: MISSING | AJ89: ALERT | AN89: MISSING | AO89: MISSING | AP89: MISSING | AQ89: ALERT | AU89: MISSING | AV89: MISSING | AW89: MISSING | AX89: MISSING
A90: R2.432.KB101(4) | B90: =IFERROR( INDEX($E$1:$AAA$1, MATCH(2, 1/(($E90:$AAA90="NORMAL")+($E90:$AAA90="CAUTION")+($E90:$AAA90="ALERT")+($E90:$AAA90="Oil changed")), 1) ), "Missing") -> 46082 | C90: 150 | D90: 4 Months | G90: ALERT | K90: ALERT | O90: ALERT | S90: MISSING | W90: MISSING | AA90: MISSING | AE90: MISSING | AI90: MISSING | AJ90: ALERT | AN90: MISSING | AO90: MISSING | AP90: MISSING | AQ90: ALERT | AU90: MISSING | AV90: MISSING | AW90: ALERT
A91: R2.432.KB102(1) | B91: =IFERROR( INDEX($E$1:$AAA$1, MATCH(2, 1/(($E91:$AAA91="NORMAL")+($E91:$AAA91="CAUTION")+($E91:$AAA91="ALERT")+($E91:$AAA91="Oil changed")), 1) ), "Missing") -> 45901 | C91: 150 | D91: 4 Months | G91: ALERT | K91: ALERT | O91: ALERT | S91: MISSING | W91: MISSING | AA91: MISSING | AE91: MISSING | AI91: MISSING | AJ91: ALERT | AN91: MISSING | AO91: MISSING | AP91: MISSING | AQ91: ALERT | AU91: MISSING | AV91: MISSING | AW91: MISSING | AX91: MISSING
A92: R2.432.KB102(2) | B92: =IFERROR( INDEX($E$1:$AAA$1, MATCH(2, 1/(($E92:$AAA92="NORMAL")+($E92:$AAA92="CAUTION")+($E92:$AAA92="ALERT")+($E92:$AAA92="Oil changed")), 1) ), "Missing") -> 45901 | C92: 150 | D92: 4 Months | G92: ALERT | K92: ALERT | O92: ALERT | S92: MISSING | W92: MISSING | AA92: MISSING | AE92: MISSING | AI92: MISSING | AJ92: ALERT | AN92: MISSING | AO92: MISSING | AP92: MISSING | AQ92: ALERT | AU92: MISSING | AV92: MISSING | AW92: MISSING | AX92: MISSING
A93: R2.432.KB102(3) | B93: =IFERROR( INDEX($E$1:$AAA$1, MATCH(2, 1/(($E93:$AAA93="NORMAL")+($E93:$AAA93="CAUTION")+($E93:$AAA93="ALERT")+($E93:$AAA93="Oil changed")), 1) ), "Missing") -> 45901 | C93: 150 | D93: 4 Months | G93: ALERT | K93: ALERT | O93: ALERT | S93: MISSING | W93: MISSING | AA93: MISSING | AE93: MISSING | AI93: MISSING | AJ93: ALERT | AN93: MISSING | AO93: MISSING | AP93: MISSING | AQ93: ALERT | AU93: MISSING | AV93: MISSING | AW93: MISSING | AX93: MISSING
A94: R2.432.KB102(4) | B94: =IFERROR( INDEX($E$1:$AAA$1, MATCH(2, 1/(($E94:$AAA94="NORMAL")+($E94:$AAA94="CAUTION")+($E94:$AAA94="ALERT")+($E94:$AAA94="Oil changed")), 1) ), "Missing") -> 46082 | C94: 150 | D94: 4 Months | G94: CAUTION | K94: ALERT | O94: ALERT | S94: MISSING | W94: MISSING | AA94: MISSING | AE94: MISSING | AI94: MISSING | AJ94: ALERT | AN94: MISSING | AO94: MISSING | AP94: MISSING | AQ94: ALERT | AU94: MISSING | AV94: MISSING | AW94: CAUTION
A95: R2.432.KB103(1) | B95: =IFERROR( INDEX($E$1:$AAA$1, MATCH(2, 1/(($E95:$AAA95="NORMAL")+($E95:$AAA95="CAUTION")+($E95:$AAA95="ALERT")+($E95:$AAA95="Oil changed")), 1) ), "Missing") -> 45901 | C95: 150 | D95: 4 Months | G95: ALERT | K95: CAUTION | O95: ALERT | S95: MISSING | W95: MISSING | AA95: MISSING | AE95: MISSING | AI95: MISSING | AJ95: ALERT | AN95: MISSING | AO95: MISSING | AP95: MISSING | AQ95: ALERT | AU95: MISSING | AV95: MISSING | AW95: MISSING | AX95: MISSING
A96: R2.432.KB103(2) | B96: =IFERROR( INDEX($E$1:$AAA$1, MATCH(2, 1/(($E96:$AAA96="NORMAL")+($E96:$AAA96="CAUTION")+($E96:$AAA96="ALERT")+($E96:$AAA96="Oil changed")), 1) ), "Missing") -> 46082 | C96: 150 | D96: 4 Months | G96: ALERT | K96: ALERT | O96: ALERT | S96: MISSING | W96: MISSING | AA96: MISSING | AE96: MISSING | AI96: MISSING | AJ96: ALERT | AN96: MISSING | AO96: MISSING | AP96: MISSING | AQ96: ALERT | AU96: MISSING | AV96: MISSING | AW96: CAUTION
A97: R2.432.KB103(3) | B97: =IFERROR( INDEX($E$1:$AAA$1, MATCH(2, 1/(($E97:$AAA97="NORMAL")+($E97:$AAA97="CAUTION")+($E97:$AAA97="ALERT")+($E97:$AAA97="Oil changed")), 1) ), "Missing") -> 46082 | C97: 150 | D97: 4 Months | G97: ALERT | K97: ALERT | O97: ALERT | S97: MISSING | W97: MISSING | AA97: MISSING | AE97: MISSING | AI97: MISSING | AJ97: ALERT | AN97: MISSING | AO97: MISSING | AP97: MISSING | AQ97: ALERT | AU97: MISSING | AV97: MISSING | AW97: ALERT
A98: R2.432.KB103(4) | B98: =IFERROR( INDEX($E$1:$AAA$1, MATCH(2, 1/(($E98:$AAA98="NORMAL")+($E98:$AAA98="CAUTION")+($E98:$AAA98="ALERT")+($E98:$AAA98="Oil changed")), 1) ), "Missing") -> 46082 | C98: 150 | D98: 4 Months | G98: ALERT | K98: ALERT | O98: ALERT | S98: MISSING | W98: MISSING | AA98: MISSING | AE98: MISSING | AI98: MISSING | AJ98: ALERT | AN98: MISSING | AO98: MISSING | AP98: MISSING | AQ98: ALERT | AU98: MISSING | AV98: MISSING | AW98: CAUTION
A99: R2.432.MD140(N31) | B99: =IFERROR( INDEX($E$1:$AAA$1, MATCH(2, 1/(($E99:$AAA99="NORMAL")+($E99:$AAA99="CAUTION")+($E99:$AAA99="ALERT")+($E99:$AAA99="Oil changed")), 1) ), "Missing") -> 46082 | C99: 150 | D99: 4 Months | H99: NORMAL | L99: ALERT | P99: CAUTION | S99: MISSING | T99: CAUTION | Y99: CAUTION | AB99: ALERT | AF99: MISSING | AI99: ALERT | AM99: MISSING | AN99: ALERT | AQ99: ALERT | AT99: ALERT | AW99: NORMAL
A100: R2.432.MD140(N32) | B100: =IFERROR( INDEX($E$1:$AAA$1, MATCH(2, 1/(($E100:$AAA100="NORMAL")+($E100:$AAA100="CAUTION")+($E100:$AAA100="ALERT")+($E100:$AAA100="Oil changed")), 1) ), "Missing") -> 46113 | C100: 150 | D100: 4 Months | H100: NORMAL | L100: NORMAL | P100: NORMAL | S100: MISSING | T100: NORMAL | Y100: CAUTION | AB100: ALERT | AF100: MISSING | AI100: CAUTION | AJ100: CAUTION | AN100: CAUTION | AQ100: ALERT | AT100: ALERT | AW100: CAUTION | AX100: CAUTION
...

Sheet Oil Sample Tracker
A1: Equipment | B1: Jul-22 | C1: Aug-22 | D1: Sep-22 | E1: Oct-22 | F1: Nov-24 | G1: Dec-22 | H1: Jan-23 | I1: Feb-23 | J1: Mar-23 | K1: Apr-23 | L1: May-23 | M1: Jun-23 | N1: Jul-23 | O1: Aug-23 | P1: Sep-23 | Q1: Oct-23 | R1: Nov-23 | S1: Dec-23 | T1: Jan-24 | U1: Feb-24 | V1: Mar-24 | W1: Apr-24 | X1: May-24 | Y1: Jun-24 | Z1: Jul-24 | AA1: Aug-24 | AB1: Sep-24 | AC1: Oct-24 | AD1: Nov-24 | AE1: Dec-24 | AF1: Jan-25 | AG1: Feb-25 | AH1: Mar-25 | AI1: Apr-25 | AJ1: May-25 | AK1: Jun-25 | AL1: Jul-25 | AM1: Aug-25 | AN1: Sep-25 | AO1: Oct-25 | AP1: Nov-25 | AQ1: Dec-25 | AR1: Jan-26 | AS1: Feb-26 | AT1: Mar-26 | AU1: Apr-26 | AV1: May-26 | AW1: Jun-26 | AX1: Jul-26 | AY1: Aug-26 | AZ1: Sep-26 | BA1: Oct-26 | BB1: Nov-26 | BC1: Dec-26
A2: 111.AF040 (L) | B2: CAUTION | C2: CAUTION | D2: ALERT | I2: NORMAL | O2: NORMAL | P2: MISSING | U2: MISSING | AA2: MISSING | AB2: NORMAL | AG2: ALERT | AM2: MISSING | AN2: ALERT | AO2: CAUTION | AU2: CAUTION
A3: 111.AF040 (R) | C3: CAUTION | I3: NORMAL | O3: NORMAL | P3: MISSING | U3: MISSING | AA3: MISSING | AB3: CAUTION | AC3: NORMAL | AI3: MISSING | AO3: NORMAL | AS3: NORMAL | AU3: ALERT
A4: 111.AF060 (L) | C4: NORMAL | I4: ALERT | O4: NORMAL | P4: MISSING | U4: MISSING | AA4: MISSING | AB4: CAUTION | AC4: CAUTION | AI4: MISSING | AO4: CAUTION | AU4: NORMAL
A5: 111.AF060 (R) | C5: CAUTION | I5: ALERT | O5: NORMAL | P5: MISSING | U5: MISSING | AA5: MISSING | AB5: NORMAL | AG5: NORMAL | AM5: MISSING | AN5: NORMAL | AT5: CAUTION | AU5: Oil changed
A6: 111.BC210 | C6: ALERT | D6: ALERT | I6: CAUTION | O6: ALERT | P6: MISSING | U6: MISSING | X6: ALERT | Y6: ALERT | AB6: ALERT | AG6: CAUTION | AM6: MISSING | AN6: ALERT | AT6: ALERT | AU6: Oil changed
A7: 111.BC330 (L1) | B7: NORMAL | E7: MISSING | H7: NORMAL | K7: MISSING | N7: CAUTION | O7: NORMAL | P7: MISSING | R7: MISSING | U7: MISSING | X7: MISSING | Z7: CAUTION | AB7: CAUTION | AD7: CAUTION | AG7: MISSING | AJ7: MISSING | AK7: NORMAL | AN7: MISSING | AO7: MISSING | AP7: CAUTION | AS7: MISSING | AT7: CAUTION | AU7: CAUTION
A8: 111.BC330 (L2) | B8: NORMAL | E8: MISSING | H8: NORMAL | K8: MISSING | N8: NORMAL | P8: MISSING | Q8: MISSING | T8: MISSING | W8: MISSING | Z8: CAUTION | AB8: CAUTION | AD8: CAUTION | AG8: MISSING | AJ8: MISSING | AK8: CAUTION | AN8: MISSING | AO8: MISSING | AP8: NORMAL | AS8: NORMAL
A9: 111.BC330 (R1) | B9: NORMAL | E9: MISSING | H9: CAUTION | I9: CAUTION | L9: MISSING | N9: CAUTION | O9: NORMAL | P9: MISSING | R9: MISSING | U9: MISSING | X9: MISSING | Z9: ALERT | AB9: CAUTION | AD9: NORMAL | AG9: MISSING | AJ9: MISSING | AK9: CAUTION | AN9: MISSING | AO9: MISSING | AP9: ALERT | AQ9: NORMAL | AS9: NORMAL
A10: 111.BC330 (R2) | B10: NORMAL | E10: MISSING | H10: CAUTION | I10: NORMAL | L10: MISSING | N10: NORMAL | P10: MISSING | Q10: MISSING | T10: MISSING | W10: MISSING | Z10: CAUTION | AB10: CAUTION | AD10: CAUTION | AG10: MISSING | AJ10: MISSING | AK10: CAUTION | AN10: MISSING | AO10: MISSING | AP10: CAUTION | AS10: MISSING | AU10: NORMAL
A11: 111.HC100 (HY) | B11: CAUTION | H11: NORMAL | N11: NORMAL | P11: MISSING | T11: MISSING | X11: ALERT | Y11: ALERT | Z11: NORMAL | AF11: ALERT | AG11: NORMAL | AM11: MISSING | AN11: NORMAL | AS11: NORMAL
A12: 111.HC100 (IR) | B12: CAUTION | E12: MISSING | H12: CAUTION | I12: ALERT | K12: ALERT | N12: ALERT | P12: MISSING | Q12: MISSING | T12: MISSING | W12: MISSING | X12: ALERT | Y12: ALERT | Z12: ALERT | AC12: MISSING | AF12: ALERT | AG12: CAUTION | AJ12: MISSING | AK12: CAUTION | AN12: ALERT | AO12: ALERT | AR12: MISSING | AS12: MISSING | AU12: Oil changed
A13: 111.HC100 (RGB) | B13: NORMAL | E13: MISSING | H13: ALERT | I13: NORMAL | L13: MISSING | N13: ALERT | P13: MISSING | Q13: NORMAL | T13: MISSING | W13: MISSING | X13: CAUTION | Y13: CAUTION | Z13: ALERT | AC13: MISSING | AF13: CAUTION | AI13: MISSING | AJ13: MISSING | AK13: CAUTION | AN13: ALERT | AO13: ALERT | AR13: MISSING | AS13: MISSING | AU13: Oil changed
A14: 123.BC100 | C14: NORMAL | I14: NORMAL | O14: CAUTION | P14: MISSING | U14: MISSING | Y14: NORMAL | AF14: NORMAL | AK14: NORMAL | AQ14: NORMAL | AS14: NORMAL
A15: 123.BC200 | C15: NORMAL | I15: NORMAL | O15: NORMAL | P15: MISSING | U15: MISSING | Y15: ALERT | Z15: CAUTION | AF15: CAUTION | AG15: CAUTION | AM15: MISSING | AN15: ALERT | AO15: ALERT | AT15: CAUTION
A16: 131.BC100 | C16: NORMAL | I16: NORMAL | O16: NORMAL | P16: MISSING | U16: MISSING | Y16: NORMAL | AF16: CAUTION | AK16: NORMAL | AQ16: NORMAL | AS16: NORMAL
A17: 131.BC500 (M01) | C17: NORMAL | I17: NORMAL | O17: CAUTION | P17: MISSING | U17: MISSING | Z17: MISSING | AA17: MISSING | AB17: CAUTION | AG17: ALERT | AM17: MISSING | AN17: ALERT | AO17: ALERT | AT17: ALERT | AU17: Oil changed
A18: 131.BC500 (M02) | C18: NORMAL | I18: NORMAL | O18: CAUTION | P18: MISSING | U18: MISSING | Z18: MISSING | AA18: MISSING | AB18: CAUTION | AG18: CAUTION | AM18: MISSING | AN18: ALERT | AO18: ALERT | AT18: CAUTION | AU18: Oil changed
A19: 131.RE300 | D19: NORMAL | J19: ALERT | P19: MISSING | V19: MISSING | X19: CAUTION | AC19: NORMAL | AI19: MISSING | AM19: MISSING | AO19: ALERT | AP19: ALERT | AU19: Oil changed
A20: 131.RE300.M11 | D20: NORMAL | G20: CAUTION | H20: NORMAL | J20: NORMAL | P20: MISSING | V20: MISSING | X20: ALERT | AC20: CAUTION | AI20: MISSING | AM20: MISSING | AO20: ALERT | AP20: ALERT | AU20: Oil changed
A21: 131.RE300.M12 | D21: NORMAL | G21: NORMAL | J21: NORMAL | P21: MISSING | R21: NORMAL | X21: ALERT | AC21: CAUTION | AI21: MISSING | AK21: ALERT | AN21: ALERT | AO21: ALERT | AU21: Oil changed
A22: 131.ST200 (HY) | D22: CAUTION | E22: NORMAL | J22: CAUTION | K22: ALERT | P22: MISSING | Q22: MISSING | W22: MISSING | X22: NORMAL | AC22: CAUTION | AI22: MISSING | AK22: CAUTION | AO22: ALERT | AP22: ALERT | AU22: Oil changed
A23: 131.ST200.M11 | D23: ALERT | E23: CAUTION | F23: ALERT | J23: NORMAL | P23: MISSING | Q23: NORMAL | W23: MISSING | X23: ALERT | AC23: ALERT | AD23: ALERT | AJ23: MISSING | AK23: ALERT | AN23: ALERT | AO23: ALERT | AP23: ALERT | AS23: ALERT | AU23: Oil changed
A24: 131.ST200.M12 | D24: CAUTION | E24: CAUTION | J24: ALERT | P24: MISSING | Q24: NORMAL | W24: MISSING | X24: ALERT | AC24: ALERT | AD24: ALERT | AJ24: MISSING | AM24: MISSING | AP24: ALERT | AS24: ALERT | AU24: Oil changed
A25: 261.CV600 | L25: ALERT | AO25: NORMAL | AS25: NORMAL
A26: 261.SH050 (T) | D26: NORMAL | E26: ALERT | H26: NORMAL | L26: ALERT | T26: ALERT | U26: NORMAL | AC26: CAUTION | AD26: CAUTION | AG26: ALERT | AK26: ALERT | AN26: NORMAL | AO26: ALERT | AP26: ALERT | AS26: ALERT | AT26: NORMAL
A27: 263.AF010 | AD27: ALERT | AS27: ALERT | AU27: ALERT
A28: 321.BE220 | D28: CAUTION | E28: NORMAL | J28: NORMAL | P28: MISSING | V28: MISSING | AB28: MISSING | AC28: ALERT | AI28: MISSING | AM28: MISSING | AO28: Insufficient Sample | AP28: ALERT
A29: 321.FN400(Fr.B) | B29: CAUTION | E29: NORMAL | J29: NORMAL | P29: MISSING | V29: MISSING | AB29: MISSING | AC29: ALERT | AI29: MISSING | AM29: MISSING | AO29: ALERT | AT29: ALERT | AU29: ALERT
A30: 321.FN400(Fx.B) | B30: CAUTION | E30: NORMAL | J30: NORMAL | P30: MISSING | V30: MISSING | AB30: MISSING | AC30: ALERT | AI30: MISSING | AM30: MISSING | AO30: ALERT | AU30: ALERT
A31: 321.HY110 | B31: ALERT | C31: CAUTION | D31: NORMAL | E31: MISSING | F31: ALERT | G31: CAUTION | H31: NORMAL | I31: MISSING | J31: ALERT | K31: ALERT | L31: CAUTION | M31: MISSING | N31: ALERT | O31: MISSING | P31: MISSING | Q31: NORMAL | R31: CAUTION | S31: MISSING | T31: CAUTION | U31: CAUTION | V31: MISSING | W31: MISSING | X31: MISSING | Y31: MISSING | Z31: ALERT | AA31: MISSING | AB31: ALERT | AC31: CAUTION | AD31: ALERT | AE31: MISSING | AF31: NORMAL | AG31: MISSING | AH31: MISSING | AI31: MISSING | AJ31: MISSING | AK31: CAUTION | AL31: MISSING | AM31: MISSING | AN31: ALERT | AO31: ALERT | AP31: ALERT | AQ31: NORMAL | AR31: MISSING | AS31: NORMAL | AT31: CAUTION | AU31: CAUTION
A32: 321.LQ120 (R1) | AS32: MISSING
A33: 321.LQ120 (R2) | AS33: MISSING
A34: 321.LQ120 (R3) | U34: NORMAL | AS34: NORMAL
A35: 321.LQ120 (T) | B35: ALERT | C35: ALERT | D35: ALERT | E35: ALERT | F35: ALERT | G35: ALERT | H35: ALERT | I35: ALERT | J35: ALERT | K35: NORMAL | L35: NORMAL | M35: MISSING | N35: ALERT | O35: MISSING | P35: MISSING | Q35: ALERT | R35: ALERT | S35: ALERT | T35: ALERT | U35: MISSING | V35: MISSING | W35: MISSING | X35: MISSING | Y35: NORMAL | Z35: NORMAL | AA35: MISSING | AB35: NORMAL | AC35: MISSING | AD35: NORMAL | AE35: MISSING | AF35: NORMAL | AG35: MISSING | AH35: MISSING | AI35: MISSING | AJ35: MISSING | AK35: NORMAL | AL35: MISSING | AM35: MISSING | AN35: NORMAL | AO35: MISSING | AP35: CAUTION | AQ35: CAUTION | AR35: MISSING | AS35: MISSING | AT35: CAUTION | AU35: CAUTION
A36: 321.LQ145(GB) | B36: NORMAL | C36: MISSING | D36: MISSING | E36: CAUTION | F36: MISSING | G36: MISSING | H36: NORMAL | I36: MISSING | J36: MISSING | K36: ALERT | L36: MISSING | M36: MISSING | N36: ALERT | O36: MISSING | P36: MISSING | Q36: MISSING | R36: MISSING | S36: MISSING | T36: MISSING | U36: MISSING | V36: MISSING | W36: MISSING | X36: MISSING | Y36: MISSING | Z36: CAUTION | AA36: MISSING | AB36: CAUTION | AC36: MISSING | AD36: MISSING | AE36: MISSING | AF36: ALERT | AG36: MISSING | AH36: MISSING | AI36: MISSING | AJ36: MISSING | AK36: MISSING | AL36: MISSING | AM36: MISSING | AN36: MISSING | AO36: MISSING | AP36: MISSING | AQ36: MISSING | AR36: MISSING | AS36: MISSING | AT36: ALERT | AU36: ALERT
A37: 321.LQ145 (T) | Q37: ALERT | R37: ALERT | V37: ALERT | Y37: ALERT | AB37: NORMAL | AK37: ALERT | AO37: NORMAL | AQ37: ALERT | AU37: NORMAL
A38: 321.MD152 | C38: ALERT | I38: CAUTION | O38: ALERT | P38: MISSING | Q38: ALERT | R38: ALERT | S38: ALERT | Y38: MISSING | AB38: CAUTION | AC38: CAUTION | AD38: CAUTION | AJ38: MISSING | AK38: CAUTION | AP38: ALERT | AU38: Oil changed
A39: 321.RF090 | B39: ALERT | C39: ALERT | H39: NORMAL | N39: CAUTION | O39: NORMAL | P39: MISSING | T39: ALERT | V39: ALERT | Z39: ALERT | AC39: NORMAL | AD39: CAUTION | AJ39: MISSING | AK39: NORMAL | AQ39: MISSING | AS39: NORMAL
A40: R2.322.BE220 | C40: NORMAL | J40: NORMAL | P40: MISSING | V40: MISSING | AB40: MISSING | AC40: NORMAL | AI40: MISSING | AM40: MISSING | AO40: ALERT | AP40: ALERT | AU40: Oil changed
A41: R2.322.FN400(Fr.B) | B41: NORMAL | C41: NORMAL | H41: NORMAL | N41: NORMAL | O41: NORMAL | P41: MISSING | U41: MISSING | Y41: NORMAL | Z41: NORMAL | AC41: NORMAL | AF41: ALERT | AM41: MISSING | AN41: NORMAL | AS41: NORMAL | AT41: ALERT
A42: R2.322.FN400(Fx.B) | B42: ALERT | C42: CAUTION | H42: NORMAL | N42: CAUTION | O42: NORMAL | P42: MISSING | U42: MISSING | Z42: NORMAL | AC42: ALERT | AI42: MISSING | AM42: MISSING | AN42: Insufficient Sample | AS42: NORMAL
A43: R2.322.HY110 | B43: ALERT | C43: NORMAL | D43: NORMAL | E43: MISSING | F43: CAUTION | G43: NORMAL | H43: CAUTION | I43: CAUTION | J43: NORMAL | K43: MISSING | L43: CAUTION | M43: MISSING | N43: MISSING | O43: MISSING | P43: MISSING | Q43: CAUTION | R43: NORMAL | S43: MISSING | T43: CAUTION | U43: MISSING | V43: MISSING | W43: MISSING | X43: MISSING | Y43: MISSING | Z43: NORMAL | AA43: MISSING | AB43: MISSING | AC43: NORMAL | AD43: CAUTION | AE43: MISSING | AF43: NORMAL | AG43: MISSING | AH43: MISSING | AI43: MISSING | AJ43: MISSING | AK43: CAUTION | AL43: MISSING | AM43: MISSING | AN43: NORMAL | AO43: ALERT | AP43: NORMAL | AQ43: MISSING | AR43: MISSING | AS43: CAUTION | AT43: CAUTION | AU43: CAUTION
A44: 322.LQ120 (R1) | AF44: ALERT | AS44: ALERT
A45: 322.LQ120 (R2) | AF45: ALERT | AS45: ALERT
A46: 322.LQ120 (R3) | AF46: ALERT | AS46: ALERT
A47: R2.322.LQ120(T) | B47: NORMAL | C47: CAUTION | D47: ALERT | E47: ALERT | F47: ALERT | G47: ALERT | H47: NORMAL | I47: MISSING | J47: ALERT | K47: ALERT | L47: ALERT | M47: ALERT | N47: MISSING | O47: ALERT | P47: MISSING | Q47: MISSING | R47: NORMAL | S47: NORMAL | T47: NORMAL | U47: MISSING | V47: ALERT | W47: MISSING | X47: MISSING | Y47: ALERT | Z47: CAUTION | AA47: MISSING | AB47: ALERT | AC47: MISSING | AD47: ALERT | AE47: MISSING | AF47: ALERT | AG47: MISSING | AH47: MISSING | AI47: MISSING | AJ47: MISSING | AK47: CAUTION | AL47: MISSING | AM47: MISSING | AN47: CAUTION | AO47: ALERT | AP47: CAUTION | AQ47: ALERT | AR47: MISSING | AS47: MISSING | AT47: MISSING | AU47: CAUTION
A48: R2.322.LQ145 (GB) | B48: NORMAL | D48: MISSING | E48: CAUTION | F48: NORMAL | G48: MISSING | H48: CAUTION | I48: ALERT | J48: CAUTION | K48: CAUTION | L48: MISSING | M48: MISSING | N48: MISSING | O48: MISSING | P48: MISSING | Q48: MISSING | R48: MISSING | S48: MISSING | T48: MISSING | U48: MISSING | V48: MISSING | W48: MISSING | X48: MISSING | Y48: MISSING | Z48: MISSING | AA48: MISSING | AB48: ALERT | AC48: MISSING | AD48: MISSING | AE48: MISSING | AF48: MISSING | AG48: MISSING | AH48: MISSING | AI48: MISSING | AJ48: MISSING | AK48: MISSING | AL48: MISSING | AM48: MISSING | AN48: MISSING | AO48: MISSING | AP48: MISSING | AQ48: MISSING | AR48: MISSING | AS48: ALERT | AT48: MISSING | AU48: CAUTION
A49: R2.322.LQ145 (T) | N49: CAUTION | Q49: ALERT | R49: ALERT | S49: ALERT | T49: ALERT | Y49: CAUTION | Z49: ALERT | AB49: NORMAL | AD49: ALERT | AK49: NORMAL | AN49: NORMAL | AP49: NORMAL | AS49: NORMAL | AT49: ALERT | AU49: NORMAL
A50: 322.MD152 | B50: CAUTION | H50: CAUTION | N50: MISSING | P50: MISSING | T50: MISSING | U50: NORMAL | Z50: ALERT | AB50: ALERT | AH50: MISSING | AK50: CAUTION | AN50: ALERT | AO50: ALERT | AU50: MISSING
A51: R2.322.RF090 | B51: NORMAL | H51: CAUTION | N51: CAUTION | P51: MISSING | Q51: NORMAL | T51: ALERT | U51: NORMAL | Z51: NORMAL | AF51: MISSING | AG51: ALERT | AM51: MISSING | AN51: ALERT | AO51: ALERT | AS51: ALERT | AU51: CAUTION
A52: 331.FN110(Fr.B.) | E52: ALERT | J52: NORMAL | P52: MISSING | V52: MISSING | AB52: MISSING | AC52: ALERT | AD52: MISSING | AE52: MISSING | AF52: MISSING | AG52: MISSING | AH52: MISSING | AI52: MISSING | AJ52: MISSING | AK52: MISSING | AL52: MISSING | AM52: MISSING | AN52: ALERT | AO52: ALERT | AU52: ALERT
A53: 331.FN110(Fx.B.) | E53: ALERT | H53: ALERT | J53: NORMAL | P53: MISSING | V53: MISSING | Y53: CAUTION | Z53: ALERT | AC53: ALERT | AD53: MISSING | AE53: MISSING | AF53: MISSING | AG53: MISSING | AH53: MISSING | AI53: MISSING | AJ53: MISSING | AK53: MISSING | AL53: MISSING | AM53: MISSING | AN53: MISSING | AO53: MISSING | AP53: MISSING | AQ53: MISSING | AR53: MISSING | AS53: ALERT | AT53: ALERT | AU53: ALERT
A54: 331.FN400 | B54: NORMAL | H54: NORMAL | N54: CAUTION | P54: MISSING | Q54: ALERT | T54: CAUTION | Z54: CAUTION | AB54: CAUTION | AF54: CAUTION | AM54: MISSING | AN54: MISSING | AO54: MISSING | AP54: MISSING | AQ54: MISSING | AR54: MISSING | AS54: CAUTION
A55: R2.332.FN110(Fr.B.) | B55: CAUTION | C55: ALERT | H55: ALERT | N55: MISSING | O55: ALERT | P55: MISSING | U55: MISSING | Y55: ALERT | Z55: NORMAL | AC55: ALERT | AI55: MISSING | AM55: MISSING | AO55: ALERT | AP55: ALERT | AS55: ALERT
A56: R2.332.FN110(Fx.B.) | B56: ALERT | C56: ALERT | N56: CAUTION | O56: CAUTION | P56: MISSING | U56: MISSING | Y56: CAUTION | AE56: MISSING | AF56: MISSING | AM56: MISSING | AO56: ALERT | AP56: ALERT | AS56: ALERT
A57: 332.FN400 | B57: NORMAL | H57: NORMAL | N57: CAUTION | P57: MISSING | T57: MISSING | U57: NORMAL | Z57: CAUTION | AF57: MISSING | AM57: MISSING | AN57: ALERT | AO57: ALERT | AU57: ALERT
A58: R2.332.FN400(Fr.B)
A59: R2.332.FN400(Fx.B)
A60: 341.BE040 L | D60: CAUTION | E60: NORMAL | J60: NORMAL | P60: MISSING | V60: MISSING | W60: MISSING | X60: MISSING | Y60: MISSING | Z60: MISSING | AA60: MISSING | AB60: MISSING | AC60: NORMAL | AI60: MISSING | AM60: MISSING | AO60: NORMAL | AS60: NORMAL | AU60: NORMAL
A61: 341.BE040 R | D61: NORMAL | J61: ALERT | P61: MISSING | Q61: ALERT | R61: ALERT | X61: MISSING | Y61: MISSING | Z61: MISSING | AA61: MISSING | AB61: MISSING | AC61: ALERT | AI61: MISSING | AM61: MISSING | AO61: ALERT | AP61: ALERT | AU61: Oil changed
A62: 342.BE050 L | B62: ALERT | C62: CAUTION | D62: CAUTION | E62: CAUTION | F62: CAUTION | J62: CAUTION | P62: MISSING | Q62: ALERT | R62: ALERT | X62: ALERT | AC62: CAUTION | AG62: ALERT | AK62: CAUTION | AO62: ALERT | AP62: ALERT
A63: 342.BE050 R | D63: NORMAL | J63: ALERT | P63: MISSING | V63: MISSING | X63: ALERT | AC63: CAUTION | AG63: ALERT | AK63: ALERT | AO63: ALERT | AT63: CAUTION | AU63: CAUTION
A64: 351.BE350 L | D64: CAUTION | J64: NORMAL | P64: MISSING | V64: MISSING | AB64: MISSING | AC64: CAUTION | AI64: MISSING | AM64: MISSING | AO64: NORMAL | AS64: NORMAL | AT64: CAUTION | AU64: CAUTION
A65: 351.BE350 R | D65: NORMAL | J65: ALERT | P65: MISSING | Q65: CAUTION | W65: MISSING | AC65: CAUTION | AI65: MISSING | AM65: MISSING | AO65: ALERT | AP65: ALERT
A66: 352.BE340 L | D66: ALERT | J66: ALERT | P66: MISSING | Q66: CAUTION | R66: CAUTION | X66: ALERT | AC66: NORMAL | AG66: ALERT | AK66: CAUTION | AO66: ALERT | AP66: ALERT | AQ66: ALERT | AS66: NORMAL
A67: 352.BE340 R | C67: ALERT | D67: ALERT | J67: ALERT | P67: MISSING | V67: MISSING | X67: ALERT | AC67: ALERT | AG67: ALERT | AK67: CAUTION | AO67: ALERT | AU67: ALERT
A68: 421.FV770 | M68: NORMAL | S68: NORMAL | Y68: NORMAL | AF68: NORMAL | AK68: NORMAL | AQ68: NORMAL | AS68: NORMAL
A69: 421.HR700 (A) | K69: ALERT | L69: ALERT | O69: NORMAL | S69: NORMAL | AB69: NORMAL | AF69: CAUTION | AK69: NORMAL | AN69: NORMAL | AQ69: NORMAL | AS69: NORMAL | AU69: NORMAL
A70: 421.HR700 (B) | K70: ALERT | L70: ALERT | O70: ALERT | S70: NORMAL | AB70: CAUTION | AC70: NORMAL | AK70: NORMAL | AO70: NORMAL | AS70: NORMAL | AT70: NORMAL
A71: 431.HT120 | F71: NORMAL | I71: CAUTION | L71: NORMAL | O71: NORMAL | P71: MISSING | R71: NORMAL | U71: NORMAL | X71: MISSING | Y71: NORMAL | AB71: NORMAL | AD71: NORMAL | AG71: MISSING | AJ71: MISSING | AK71: NORMAL | AN71: NORMAL | AQ71: MISSING | AS71: NORMAL
A72: 431.HT120(BE) | C72: ALERT | F72: NORMAL | J72: NORMAL | L72: NORMAL | O72: CAUTION | P72: MISSING | R72: ALERT | U72: NORMAL | X72: MISSING | Y72: NORMAL | AB72: MISSING | AC72: MISSING | AD72: NORMAL | AG72: MISSING | AJ72: MISSING | AK72: ALERT | AN72: MISSING | AO72: NORMAL | AP72: NORMAL | AS72: CAUTION | AT72: CAUTION | AU72: CAUTION
A73: 431.KB101(1) | C73: ALERT | G73: ALERT | K73: ALERT | O73: ALERT | P73: MISSING | S73: MISSING | W73: MISSING | AA73: MISSING | AB73: ALERT | AF73: MISSING | AJ73: MISSING | AK73: MISSING | AL73: MISSING | AM73: MISSING | AN73: MISSING | AO73: MISSING | AP73: MISSING | AQ73: ALERT | AU73: MISSING
A74: 431.KB101(2) | C74: ALERT | G74: ALERT | K74: ALERT | O74: ALERT | P74: MISSING | S74: MISSING | W74: MISSING | AA74: MISSING | AB74: ALERT | AF74: MISSING | AJ74: MISSING | AK74: MISSING | AL74: MISSING | AM74: MISSING | AN74: MISSING | AO74: MISSING | AP74: MISSING | AQ74: ALERT | AT74: ALERT
A75: 431.KB101(3) | C75: ALERT | G75: ALERT | K75: ALERT | O75: ALERT | P75: MISSING | S75: MISSING | W75: MISSING | AA75: MISSING | AB75: ALERT | AF75: MISSING | AJ75: MISSING | AK75: MISSING | AL75: MISSING | AM75: MISSING | AN75: MISSING | AO75: MISSING | AP75: MISSING | AQ75: ALERT | AU75: MISSING
A76: 431.KB101(4) | C76: ALERT | G76: ALERT | K76: ALERT | O76: ALERT | P76: MISSING | S76: MISSING | W76: MISSING | AA76: MISSING | AB76: ALERT | AF76: MISSING | AJ76: MISSING | AK76: MISSING | AL76: MISSING | AM76: MISSING | AN76: MISSING | AO76: MISSING | AP76: MISSING | AQ76: ALERT | AT76: ALERT
A77: 431.KB102(1) | C77: ALERT | G77: MISSING | K77: ALERT | O77: ALERT | P77: MISSING | S77: MISSING | W77: MISSING | AA77: MISSING | AB77: ALERT | AF77: MISSING | AJ77: MISSING | AK77: MISSING | AL77: MISSING | AM77: MISSING | AN77: MISSING | AO77: MISSING | AP77: MISSING | AQ77: ALERT | AU77: MISSING
A78: 431.KB102(2) | C78: ALERT | G78: ALERT | K78: ALERT | O78: ALERT | P78: MISSING | S78: MISSING | W78: MISSING | AA78: MISSING | AB78: ALERT | AF78: MISSING | AJ78: MISSING | AK78: MISSING | AL78: MISSING | AM78: MISSING | AN78: MISSING | AO78: MISSING | AP78: MISSING | AQ78: ALERT | AU78: MISSING
A79: 431.KB102(3) | C79: ALERT | G79: ALERT | K79: ALERT | O79: ALERT | P79: MISSING | S79: MISSING | W79: MISSING | AA79: MISSING | AB79: ALERT | AF79: MISSING | AJ79: MISSING | AK79: MISSING | AL79: MISSING | AM79: MISSING | AN79: MISSING | AO79: MISSING | AP79: MISSING | AQ79: ALERT | AU79: MISSING
A80: 431.KB102(4) | C80: ALERT | G80: ALERT | K80: ALERT | O80: ALERT | P80: MISSING | S80: MISSING | W80: MISSING | AA80: MISSING | AB80: ALERT | AF80: MISSING | AJ80: MISSING | AK80: MISSING | AL80: MISSING | AM80: MISSING | AN80: MISSING | AO80: MISSING | AP80: MISSING | AQ80: ALERT | AT80: ALERT
A81: 431.KB103(1) | C81: ALERT | G81: ALERT | K81: ALERT | O81: ALERT | P81: MISSING | S81: MISSING | W81: MISSING | AA81: MISSING | AB81: ALERT | AF81: MISSING | AJ81: MISSING | AK81: MISSING | AL81: MISSING | AM81: MISSING | AN81: MISSING | AO81: MISSING | AP81: MISSING | AQ81: ALERT | AU81: MISSING
A82: 431.KB103(2) | C82: ALERT | G82: ALERT | K82: ALERT | O82: ALERT | P82: MISSING | S82: MISSING | W82: MISSING | AA82: MISSING | AB82: ALERT | AF82: MISSING | AJ82: MISSING | AK82: MISSING | AL82: MISSING | AM82: MISSING | AN82: MISSING | AO82: MISSING | AP82: MISSING | AQ82: ALERT | AU82: MISSING
A83: 431.KB103(3) | C83: ALERT | G83: ALERT | K83: ALERT | O83: ALERT | P83: MISSING | S83: MISSING | W83: MISSING | AA83: MISSING | AB83: ALERT | AF83: MISSING | AJ83: MISSING | AK83: MISSING | AL83: MISSING | AM83: MISSING | AN83: MISSING | AO83: MISSING | AP83: MISSING | AQ83: ALERT | AT83: CAUTION
A84: 431.KB103(4) | C84: ALERT | G84: ALERT | K84: ALERT | O84: ALERT | P84: MISSING | S84: MISSING | W84: MISSING | AA84: MISSING | AB84: ALERT | AF84: MISSING | AJ84: MISSING | AK84: MISSING | AL84: MISSING | AM84: MISSING | AN84: MISSING | AO84: MISSING | AP84: MISSING | AQ84: ALERT | AT84: ALERT
A85: 431.MD140 (N31) | E85: NORMAL | I85: NORMAL | M85: CAUTION | P85: MISSING | Q85: NORMAL | U85: MISSING | V85: CAUTION | Y85: NORMAL | AB85: NORMAL | AF85: CAUTION | AG85: ALERT | AK85: NORMAL | AO85: NORMAL | AS85: MISSING | AT85: CAUTION | AU85: NORMAL
A86: 431.MD140 (N32) | E86: NORMAL | I86: NORMAL | M86: NORMAL | P86: MISSING | Q86: CAUTION | R86: NORMAL | V86: NORMAL | Y86: NORMAL | AB86: NORMAL | AF86: CAUTION | AJ86: MISSING | AK86: CAUTION | AO86: ALERT | AS86: MISSING | AT86: ALERT | AU86: NORMAL
A87: R2.432.HT120(T) | D87: ALERT | E87: NORMAL | G87: NORMAL | J87: NORMAL | M87: NORMAL | P87: MISSING | S87: NORMAL | V87: MISSING | Y87: CAUTION | AB87: MISSING | AC87: CAUTION | AD87: CAUTION | AG87: CAUTION | AJ87: MISSING | AK87: NORMAL | AN87: NORMAL | AP87: NORMAL | AS87: NORMAL
A88: R2.432.HT120(BE) | D88: NORMAL | G88: NORMAL | J88: NORMAL | M88: NORMAL | P88: MISSING | S88: ALERT | V88: MISSING | Y88: ALERT | AB88: MISSING | AC88: CAUTION | AD88: NORMAL | AG88: NORMAL | AJ88: MISSING | AK88: NORMAL | AN88: NORMAL | AP88: NORMAL | AS88: NORMAL
A89: R2.432.KB101(1) | D89: ALERT | H89: ALERT | L89: ALERT | P89: MISSING | T89: MISSING | X89: MISSING | AB89: MISSING | AF89: MISSING | AG89: ALERT | AK89: MISSING | AL89: MISSING | AM89: MISSING | AN89: ALERT | AR89: MISSING | AS89: MISSING | AT89: MISSING | AU89: MISSING
A90: R2.432.KB101(2) | D90: ALERT | H90: ALERT | L90: ALERT | P90: MISSING | T90: MISSING | X90: MISSING | AB90: MISSING | AF90: MISSING | AG90: ALERT | AK90: MISSING | AL90: MISSING | AM90: MISSING | AN90: ALERT | AR90: MISSING | AS90: MISSING | AT90: MISSING | AU90: MISSING
A91: R2.432.KB101(3) | D91: ALERT | H91: ALERT | L91: ALERT | P91: MISSING | T91: MISSING | X91: MISSING | AB91: MISSING | AF91: MISSING | AG91: ALERT | AK91: MISSING | AL91: MISSING | AM91: MISSING | AN91: ALERT | AR91: MISSING | AS91: MISSING | AT91: MISSING | AU91: MISSING
A92: R2.432.KB101(4) | D92: ALERT | H92: ALERT | L92: ALERT | P92: MISSING | T92: MISSING | X92: MISSING | AB92: MISSING | AF92: MISSING | AG92: ALERT | AK92: MISSING | AL92: MISSING | AM92: MISSING | AN92: ALERT | AR92: MISSING | AS92: MISSING | AT92: ALERT
A93: R2.432.KB102(1) | D93: ALERT | H93: ALERT | L93: ALERT | P93: MISSING | T93: MISSING | X93: MISSING | AB93: MISSING | AF93: MISSING | AG93: ALERT | AK93: MISSING | AL93: MISSING | AM93: MISSING | AN93: ALERT | AR93: MISSING | AS93: MISSING | AT93: MISSING | AU93: MISSING
A94: R2.432.KB102(2) | D94: ALERT | H94: ALERT | L94: ALERT | P94: MISSING | T94: MISSING | X94: MISSING | AB94: MISSING | AF94: MISSING | AG94: ALERT | AK94: MISSING | AL94: MISSING | AM94: MISSING | AN94: ALERT | AR94: MISSING | AS94: MISSING | AT94: MISSING | AU94: MISSING
A95: R2.432.KB102(3) | D95: ALERT | H95: ALERT | L95: ALERT | P95: MISSING | T95: MISSING | X95: MISSING | AB95: MISSING | AF95: MISSING | AG95: ALERT | AK95: MISSING | AL95: MISSING | AM95: MISSING | AN95: ALERT | AR95: MISSING | AS95: MISSING | AT95: MISSING | AU95: MISSING
A96: R2.432.KB102(4) | D96: CAUTION | H96: ALERT | L96: ALERT | P96: MISSING | T96: MISSING | X96: MISSING | AB96: MISSING | AF96: MISSING | AG96: ALERT | AK96: MISSING | AL96: MISSING | AM96: MISSING | AN96: ALERT | AR96: MISSING | AS96: MISSING | AT96: CAUTION
A97: R2.432.KB103(1) | D97: ALERT | H97: CAUTION | L97: ALERT | P97: MISSING | T97: MISSING | X97: MISSING | AB97: MISSING | AF97: MISSING | AG97: ALERT | AK97: MISSING | AL97: MISSING | AM97: MISSING | AN97: ALERT | AR97: MISSING | AS97: MISSING | AT97: MISSING | AU97: MISSING
A98: R2.432.KB103(2) | D98: ALERT | H98: ALERT | L98: ALERT | P98: MISSING | T98: MISSING | X98: MISSING | AB98: MISSING | AF98: MISSING | AG98: ALERT | AK98: MISSING | AL98: MISSING | AM98: MISSING | AN98: ALERT | AR98: MISSING | AS98: MISSING | AT98: CAUTION
A99: R2.432.KB103(3) | D99: ALERT | H99: ALERT | L99: ALERT | P99: MISSING | T99: MISSING | X99: MISSING | AB99: MISSING | AF99: MISSING | AG99: ALERT | AK99: MISSING | AL99: MISSING | AM99: MISSING | AN99: ALERT | AR99: MISSING | AS99: MISSING | AT99: ALERT
A100: R2.432.KB103(4) | D100: ALERT | H100: ALERT | L100: ALERT | P100: MISSING | T100: MISSING | X100: MISSING | AB100: MISSING | AF100: MISSING | AG100: ALERT | AK100: MISSING | AL100: MISSING | AM100: MISSING | AN100: ALERT | AR100: MISSING | AS100: MISSING | AT100: CAUTION
...

Sheet Oil Change Log
A1: 📊 OIL Changing LOG Sheet
A2: IF any equipment Frequancy change due to oil analysis , so the max Changing is 2 years
A3: Asset | B3: Asset Name | C3: Lubrication Points | D3: Frequncy | E3: Oil Type | F3: Brand | G3: Qty (ltr.) | H3: Change Dates | J3: Last change | K3: Next Oil Change | L3: Status | M3: Last Modified
A4: 111.AF040 (L) | B4: Apron Feeder | C4: {=IF(A4:A153="", "", XLOOKUP(A4:A153, 'Equipment Registry'!A2:A153, 'Equipment Registry'!B2:B153, "Not Found"))} -> Clay apron feeder left geared motor | D4: Oil Analysis | E4: Mobil SHC 630 | F4: Mobil | G4: 41 | J4: 44378 | K4: =EDATE(J4, 36) -> 45474 | L4: =IF(ISBLANK(K4:K153), "", IF(K4:K153 < TODAY(), "Overdue", "Ok")) -> Overdue | M4: 2026-06-14T21:56:23.580Z
A5: 111.AF040 (R) | B5: Apron Feeder | C5: Clay apron feeder right gearbox | D5: Oil Analysis | E5: Mobil SHC 630 | F5: Mobil | G5: 41 | J5: 44378 | K5: =EDATE(J5, 36) -> 45474 | L5: =IF(ISBLANK(K5:K154), "", IF(K5:K154 < TODAY(), "Overdue", "Ok")) -> Overdue
A6: 111.AF060 (L) | B6: Apron Feeder | C6: Limestone Apron Feeder Left Gear Box | D6: Oil Analysis | E6: Mobil SHC 630 | F6: Mobil | G6: 41 | I6: 44378 | J6: 44954 | K6: =EDATE(J6, 36) -> 46050 | L6: =IF(ISBLANK(K6:K155), "", IF(K6:K155 < TODAY(), "Overdue", "Ok")) -> Overdue
A7: 111.AF060 (R) | B7: Apron Feeder | C7: Limestone Apron Feeder right Gear Box- BREVINI | D7: Oil Analysis | E7: Mobil SHC 630 | F7: Mobil | G7: 41 | I7: 44378 | J7: 44954 | K7: =EDATE(J7, 36) -> 46050 | L7: =IF(ISBLANK(K7:K156), "", IF(K7:K156 < TODAY(), "Overdue", "Ok")) -> Overdue
A8: 111.BC210 | B8: Belt Conveyor | C8: Belt Conveyor Gearbox - Rossi | D8: Oil Analysis | E8: Mobil SHC 632 | F8: Mobil | G8: 100 | J8: 46149 | K8: =EDATE(J8, 36) -> 47245 | L8: =IF(ISBLANK(K8:K157), "", IF(K8:K157 < TODAY(), "Overdue", "Ok")) -> Ok
A9: 111.BC330 (L1) | B9: Belt Conveyor | C9: Belt conveyor first left Gearbox | D9: Oil Analysis | E9: Mobil SHC 630 | F9: Mobil | G9: 125 | J9: 43843 | K9: =EDATE(J9, 36) -> 44939 | L9: =IF(ISBLANK(K9:K158), "", IF(K9:K158 < TODAY(), "Overdue", "Ok")) -> Overdue
A10: 111.BC330 (L2) | B10: Belt Conveyor | C10: Belt conveyor second left Gearbox | D10: Oil Analysis | E10: Mobil SHC 630 | F10: Mobil | G10: 125 | J10: 43843 | K10: =EDATE(J10, 36) -> 44939 | L10: =IF(ISBLANK(K10:K159), "", IF(K10:K159 < TODAY(), "Overdue", "Ok")) -> Overdue
A11: 111.BC330 (R1) | B11: Belt Conveyor | C11: Belt conveyor first right Gearbox | D11: Oil Analysis | E11: Mobil SHC 630 | F11: Mobil | G11: 125 | J11: 43843 | K11: =EDATE(J11, 36) -> 44939 | L11: =IF(ISBLANK(K11:K160), "", IF(K11:K160 < TODAY(), "Overdue", "Ok")) -> Overdue
A12: 111.BC330 (R2) | B12: Belt Conveyor | C12: Belt conveyor second right Gearbox | D12: Oil Analysis | E12: Mobil SHC 630 | F12: Mobil | G12: 125 | J12: 43843 | K12: =EDATE(J12, 36) -> 44939 | L12: =IF(ISBLANK(K12:K161), "", IF(K12:K161 < TODAY(), "Overdue", "Ok")) -> Overdue
A13: 111.HC100 (HY) | B13: Hammer Crusher | C13: Crusher hydraulic cylinder station | D13: Oil Analysis | E13: Mobil DTE 25 | F13: Mobil | G13: 90 | J13: 43843 | K13: =EDATE(J13, 36) -> 44939 | L13: =IF(ISBLANK(K13:K162), "", IF(K13:K162 < TODAY(), "Overdue", "Ok")) -> Overdue
A14: 111.HC100 (IR) | B14: Hammer Crusher | C14: Inlet Roller Gear Box | D14: Oil Analysis | E14: Mobil gear 600 XP 320 | F14: Mobil | G14: 50 | H14: 44615 | I14: 01.10.2023 | J14: 45558 | K14: =EDATE(J14, 36) -> 46653 | L14: =IF(ISBLANK(K14:K163), "", IF(K14:K163 < TODAY(), "Overdue", "Ok")) -> Ok
A15: 111.HC100 (RGB) | B15: Hammer Crusher | C15: Hammer Crusher Rotor Gear Box | D15: Oil Analysis | E15: Mobil gear 600 XP 320 | F15: Mobil | G15: 120 | I15: 43843 | J15: 45558 | K15: =EDATE(J15, 36) -> 46653 | L15: =IF(ISBLANK(K15:K164), "", IF(K15:K164 < TODAY(), "Overdue", "Ok")) -> Ok
A16: 123.BC100 | B16: Belt Conveyor | C16: Belt conveyor Gearbox | D16: Oil Analysis | E16: Mobil SHC 630 | F16: Mobil | G16: 125 | I16: 44503 | J16: 44749 | K16: =EDATE(J16, 36) -> 45845 | L16: =IF(ISBLANK(K16:K165), "", IF(K16:K165 < TODAY(), "Overdue", "Ok")) -> Overdue
A17: 123.BC200 | B17: Belt Conveyor | C17: Belt Conveyor Gearbox | D17: Oil Analysis | E17: Mobil SHC 630 | F17: Mobil | G17: 106 | I17: 44503 | J17: 46138 | K17: =EDATE(J17, 36) -> 47234 | L17: =IF(ISBLANK(K17:K166), "", IF(K17:K166 < TODAY(), "Overdue", "Ok")) -> Ok
A18: 131.BC100 | B18: Belt Conveyor | C18: Belt Conveyor Gearbox | D18: Oil Analysis | E18: Mobil SHC 630 | F18: Mobil | G18: 125 | H18: 44494 | I18: 44748 | J18: 45332 | K18: =EDATE(J18, 36) -> 46428 | L18: =IF(ISBLANK(K18:K167), "", IF(K18:K167 < TODAY(), "Overdue", "Ok")) -> Ok
A19: 131.BC500 (M01) | B19: Belt Conveyor | C19: Belt Conveyor Gearbox | D19: Oil Analysis | E19: Mobil SHC 630 | F19: Mobil | G19: 125 | J19: 43313 | K19: =EDATE(J19, 36) -> 44409 | L19: =IF(ISBLANK(K19:K168), "", IF(K19:K168 < TODAY(), "Overdue", "Ok")) -> Overdue
A20: 131.BC500 (M02) | B20: Belt Conveyor | C20: Belt Conveyor Gearbox | D20: Oil Analysis | E20: Mobil SHC 630 | F20: Mobil | G20: 125 | J20: 43313 | K20: =EDATE(J20, 36) -> 44409 | L20: =IF(ISBLANK(K20:K169), "", IF(K20:K169 < TODAY(), "Overdue", "Ok")) -> Overdue
A21: 131.RE300 | B21: Reclaimer | C21: Take up unit Tank for Scraper Chain | D21: 1.5 Y | E21: Mobil gear 600 XP 320 | F21: Mobil | G21: 70 | H21: 43983 | I21: 44699 | J21: 46134 | K21: =EDATE(J31, 18) -> 46695 | L21: =IF(ISBLANK(K21:K170), "", IF(K21:K170 < TODAY(), "Overdue", "Ok")) -> Ok
A22: 131.RE300.M11 | B22: Reclaimer | C22: Reclaimer Chain Scraper gearbox | D22: Oil Analysis | E22: Mobil gear 600 XP 320 | F22: Mobil | G22: 125 | H22: 44497 | I22: 44692 | J22: 46134 | K22: =EDATE(J22, 36) -> 47230 | L22: =IF(ISBLANK(K22:K171), "", IF(K22:K171 < TODAY(), "Overdue", "Ok")) -> Ok
A23: 131.RE300.M12 | B23: Reclaimer | C23: Reclaimer Chain Scraper gearbox | D23: Oil Analysis | E23: Mobil gear 600 XP 320 | F23: Mobil | G23: 125 | H23: 44497 | I23: 44692 | J23: 46134 | K23: =EDATE(J23, 36) -> 47230 | L23: =IF(ISBLANK(K23:K172), "", IF(K23:K172 < TODAY(), "Overdue", "Ok")) -> Ok
A24: 131.ST200 (HY) | B24: Stacker | C24: Jib arm Hydraulic Pump Station | D24: Oil Analysis | E24: Mobil DTE 25 | F24: Mobil | G24: 100 | J24: 46133 | K24: =EDATE(J24, 36) -> 47229 | L24: =IF(ISBLANK(K24:K173), "", IF(K24:K173 < TODAY(), "Overdue", "Ok")) -> Ok
A25: 131.ST200.M11 | B25: Stacker | C25: Stacker Belt gearbox | D25: 2 Y | E25: Mobil SHC 630 | F25: Mobil | G25: 11 | I25: 44697 | J25: 45437 | K25: =EDATE(J25, 24) -> 46167 | L25: =IF(ISBLANK(K25:K174), "", IF(K25:K174 < TODAY(), "Overdue", "Ok")) -> Overdue
A26: 131.ST200.M12 | B26: Stacker | C26: Stacker Belt gearbox | D26: 2 Y | E26: Mobil SHC 630 | F26: Mobil | G26: 11 | I26: 44697 | J26: 46133 | K26: =EDATE(J26, 24) -> 46864 | L26: =IF(ISBLANK(K26:K175), "", IF(K26:K175 < TODAY(), "Overdue", "Ok")) -> Ok
A27: 261.CV600 | B27: Drag chain | C27: Drag chain for AF#2 | D27: 1.5 Y | E27: Mobil SHC 630 | F27: Mobil | G27: 30 | H27: 43647 | I27: 44764 | J27: 45200 | K27: =EDATE(J37, 18) -> 45887 | L27: =IF(ISBLANK(K27:K176), "", IF(K27:K176 < TODAY(), "Overdue", "Ok")) -> Overdue
A28: 261.SH050 (T) | B28: Shredder | C28: Shredder - Hydraulic Sys. | D28: Oil Analysis | E28: Mobil DTE 25 | F28: Mobil | G28: 400 | J28: 43647 | K28: =EDATE(J28, 36) -> 44743 | L28: =IF(ISBLANK(K28:K177), "", IF(K28:K177 < TODAY(), "Overdue", "Ok")) -> Overdue
A29: 263.AF010 | B29: Cargo Floor platform | C29: Cargo floor hydraulic tank | D29: Oil Analysis | E29: Mobil DTE 25 | F29: Mobil | G29: 200 | J29: 44593 | K29: =EDATE(J29, 36) -> 45689 | L29: =IF(ISBLANK(K29:K178), "", IF(K29:K178 < TODAY(), "Overdue", "Ok")) -> Overdue
A30: 321.BE220 | B30: Bucket Elevator | C30: Bucket Elevator Gearbox | D30: Oil Analysis | E30: Mobil gear 600 XP 320 | F30: Mobil | G30: 48 | J30: 46055 | K30: =EDATE(J30, 36) -> 47151 | L30: =IF(ISBLANK(K30:K179), "", IF(K30:K179 < TODAY(), "Overdue", "Ok")) -> Ok
A31: 321.FN400(Fr.B) | B31: Raw Mill Fan | C31: Raw Mill free bearing | D31: 0.5 Y | E31: Mobil DTE Heavy Medium | F31: Mobil | G31: 8 | H31: 44809 | I31: 44990 | J31: 46146 | K31: =EDATE(J31, 6) -> 46330 | L31: =IF(ISBLANK(K31:K180), "", IF(K31:K180 < TODAY(), "Overdue", "Ok")) -> Ok
A32: 321.FN400(Fx.B) | C32: Raw Mill fan fixed bearing | D32: 0.5 Y | E32: Mobil DTE Heavy Medium | F32: Mobil | G32: 8 | H32: 44809 | I32: 44990 | J32: 46146 | K32: =EDATE(J32, 6) -> 46330 | L32: =IF(ISBLANK(K32:K181), "", IF(K32:K181 < TODAY(), "Overdue", "Ok")) -> Ok
A33: 321.HY110 | B33: Mill Hydraulic tensioning system | C33: Hydraulic tensioning system for mill | D33: Oil Analysis | E33: RENOLIN B 46 | F33: FUCHS | G33: 1700 | H33: 44484 | I33: 44809 | J33: 46132 | K33: =EDATE(J33, 36) -> 47228 | L33: =IF(ISBLANK(K33:K182), "", IF(K33:K182 < TODAY(), "Overdue", "Ok")) -> Ok
A34: 321.LQ120 (R1) | C34: Roller Lubrication Return R1 (filter Cup) | D34: Oil Analysis | E34: Mobil SHC 639 | F34: Mobil | G34: 1000 | H34: 43944 | I34: 44699 | J34: 45340 | K34: =EDATE(J34, 36) -> 46436 | L34: =IF(ISBLANK(K34:K183), "", IF(K34:K183 < TODAY(), "Overdue", "Ok")) -> Ok
A35: 321.LQ120 (R2) | C35: Roller Lubrication Return R2 (filter Cup) | D35: Oil Analysis | E35: Mobil SHC 639 | F35: Mobil | G35: 1000 | H35: 43944 | I35: 44699 | J35: 45340 | K35: =EDATE(J35, 36) -> 46436 | L35: =IF(ISBLANK(K35:K184), "", IF(K35:K184 < TODAY(), "Overdue", "Ok")) -> Ok
A36: 321.LQ120 (R3) | C36: Roller Lubrication Return R3 (filter Cup) | D36: Oil Analysis | E36: Mobil SHC 639 | F36: Mobil | G36: 1000 | H36: 43944 | I36: 44699 | J36: 45340 | K36: =EDATE(J36, 36) -> 46436 | L36: =IF(ISBLANK(K36:K185), "", IF(K36:K185 < TODAY(), "Overdue", "Ok")) -> Ok
A37: 321.LQ120 (T) | B37: Mill Roller Lubrication system | C37: Roller Lubrication Unit (Tank) | D37: Oil Analysis | E37: Mobil SHC 639 | F37: Mobil | G37: 1000 | H37: 43944 | I37: 44699 | J37: 45340 | K37: =EDATE(J37, 36) -> 46436 | L37: =IF(ISBLANK(K37:K186), "", IF(K37:K186 < TODAY(), "Overdue", "Ok")) -> Ok
A38: 321.LQ145(GB) | B38: Mill Gear lubrication pump unit | C38: Gear lubrication Gear Box | D38: Oil Analysis | E38: Mobil gear 600 XP 320 | F38: Mobil | G38: 4900 | J38: 44484 | K38: =EDATE(J38, 36) -> 45580 | L38: =IF(ISBLANK(K38:K187), "", IF(K38:K187 < TODAY(), "Overdue", "Ok")) -> Overdue
A39: 321.LQ145 (T) | C39: Gear lubrication pump station Tank | L39: =IF(ISBLANK(K39:K188), "", IF(K39:K188 < TODAY(), "Overdue", "Ok"))
A40: 321.MD152 | B40: Dynamic Separator Main drive, lubrication LQ | C40: Dynamic Separator Gearbox | D40: Oil Analysis | E40: Mobil SHC 632 | F40: Mobil | G40: 190 | H40: 44809 | I40: 45000 | J40: 45335 | K40: =EDATE(J40, 36) -> 46431 | L40: =IF(ISBLANK(K40:K189), "", IF(K40:K189 < TODAY(), "Overdue", "Ok")) -> Ok
A41: 321.RF090 | B41: Rotary Feeder | C41: Rotary feeder Gear Box | D41: Oil Analysis | E41: Mobil SHC 639 | F41: Mobil | G41: 72 | I41: 43983 | J41: 44810 | K41: =EDATE(J41, 36) -> 45906 | L41: =IF(ISBLANK(K41:K190), "", IF(K41:K190 < TODAY(), "Overdue", "Ok")) -> Overdue
A42: R2.322.BE220 | B42: Bucket Elevator | C42: R2 Bucket Elevator Gearbox | D42: Oil Analysis | E42: Mobil gear 600 XP 320 | F42: Mobil | G42: 180 | J42: 46134 | K42: =EDATE(J42, 36) -> 47230 | L42: =IF(ISBLANK(K42:K191), "", IF(K42:K191 < TODAY(), "Overdue", "Ok")) -> Ok
A43: 322.FN400 (Fr.B) | B43: Raw Mill Fan | C43: RM#2 Fan Free bearing | D43: 0.5 Y | E43: Mobil DTE Heavy Medium | F43: Mobil | G43: 20 | H43: 45137 | I43: 45293 | J43: 46068 | K43: =EDATE(J43, 6) -> 46249 | L43: =IF(ISBLANK(K43:K192), "", IF(K43:K192 < TODAY(), "Overdue", "Ok")) -> Ok
A44: 322.FN400 (Fx.B) | C44: RM#2 Fan fixed bearing | D44: 0.5 Y | E44: Mobil DTE Heavy Medium | F44: Mobil | G44: 20 | H44: 45137 | I44: 45293 | J44: 46068 | K44: =EDATE(J44, 6) -> 46249 | L44: =IF(ISBLANK(K44:K193), "", IF(K44:K193 < TODAY(), "Overdue", "Ok")) -> Ok
A45: R2.322.HY110 | B45: Mill Hydraulic tensioning system | C45: Hydraulic tensioning sys. Mill 2 | D45: Oil Analysis | E45: Mobil DTE 25 | F45: Mobil | G45: 1700 | I45: 44162 | J45: 45431 | K45: =EDATE(J45, 36) -> 46526 | L45: =IF(ISBLANK(K45:K194), "", IF(K45:K194 < TODAY(), "Overdue", "Ok")) -> Ok
A46: 322.LQ120 (R1) | C46: Rolle Lub. Return R1 ( Filter Cap) | D46: Oil Analysis | E46: Mobil SHC 639 | F46: Mobil | G46: 1000 | H46: 44950 | I46: 45228 | J46: 45658 | K46: =EDATE(J46, 36) -> 46753 | L46: =IF(ISBLANK(K46:K195), "", IF(K46:K195 < TODAY(), "Overdue", "Ok")) -> Ok
A47: 322.LQ120 (R2) | C47: Rolle Lub. Return R2 ( Filter Cap) | D47: Oil Analysis | E47: Mobil SHC 639 | F47: Mobil | G47: 1000 | H47: 44950 | I47: 45228 | J47: 45658 | K47: =EDATE(J47, 36) -> 46753 | L47: =IF(ISBLANK(K47:K196), "", IF(K47:K196 < TODAY(), "Overdue", "Ok")) -> Ok
A48: 322.LQ120 (R3) | C48: Rolle Lub. Return R3 ( Filter Cap) | D48: Oil Analysis | E48: Mobil SHC 639 | F48: Mobil | G48: 1000 | H48: 44950 | I48: 45228 | J48: 45658 | K48: =EDATE(J48, 36) -> 46753 | L48: =IF(ISBLANK(K48:K197), "", IF(K48:K197 < TODAY(), "Overdue", "Ok")) -> Ok
A49: R2.322.LQ120(T) | B49: Mill Roller Lubrication system | C49: Roller Lubrication Unit (Tank) | D49: Oil Analysis | E49: Mobil SHC 639 | F49: Mobil | G49: 1000 | H49: 44950 | I49: 45228 | J49: 45658 | K49: =EDATE(J49, 36) -> 46753 | L49: =IF(ISBLANK(K49:K198), "", IF(K49:K198 < TODAY(), "Overdue", "Ok")) -> Ok
A50: R2.322.LQ145 (T) | B50: Mill Gear lubrication pump unit | C50: Mill2 gear Lub pump station tank | D50: Oil Analysis | E50: Mobil gear 600 XP 320 | F50: Mobil | G50: 4900 | I50: 19.01.2012 | J50: 45797 | K50: =EDATE(J50, 36) -> 46893 | L50: =IF(ISBLANK(K50:K199), "", IF(K50:K199 < TODAY(), "Overdue", "Ok")) -> Ok
A51: R2.322.LQ145 (GB) | C51: Mill 2 gear Box | L51: =IF(ISBLANK(K51:K200), "", IF(K51:K200 < TODAY(), "Overdue", "Ok"))
A52: 322.MD152 | B52: Dynamic Separator Main drive, lubrication LQ | C52: Dynamic Separator Gearbox L#2 | D52: Oil Analysis | E52: Mobil SHC 632 | F52: Mobil | G52: 187 | J52: 43952 | K52: =EDATE(J52, 36) -> 45047 | L52: =IF(ISBLANK(K52:K201), "", IF(K52:K201 < TODAY(), "Overdue", "Ok")) -> Overdue
A53: R2.322.RF090 | B53: Rotary Feeder | C53: Rotary feeder Gear Box | D53: Oil Analysis | E53: Mobil SHC 639 | F53: Mobil | G53: 80 | I53: 43647 | J53: 44745 | K53: =EDATE(J53, 36) -> 45841 | L53: =IF(ISBLANK(K53:K202), "", IF(K53:K202 < TODAY(), "Overdue", "Ok")) -> Overdue
A54: 331.FN110(Fr.B.) | B54: ID-Fan | C54: ID fan free bearing | D54: 0.5 Y | E54: Mobil DTE Heavy Medium | F54: Mobil | G54: 10 | H54: 45009 | I54: 45280 | J54: 46148 | K54: =EDATE(J54, 6) -> 46332 | L54: =IF(ISBLANK(K54:K203), "", IF(K54:K203 < TODAY(), "Overdue", "Ok")) -> Ok
A55: 331.FN110(Fx.B.) | C55: ID fan fixed bearing | D55: 0.5 Y | E55: Mobil DTE Heavy Medium | F55: Mobil | G55: 10 | H55: 45009 | I55: 45280 | J55: 46148 | K55: =EDATE(J55, 6) -> 46332 | L55: =IF(ISBLANK(K55:K204), "", IF(K55:K204 < TODAY(), "Overdue", "Ok")) -> Ok
A56: 331.FN400 | B56: Electrostatic Precipitator Fan | C56: Main EP Fan Gear drive | D56: Oil Analysis | E56: Mobil SHC 632 | F56: Mobil | G56: 175 | I56: 42583 | J56: 46055 | K56: =EDATE(J56, 36) -> 47151 | L56: =IF(ISBLANK(K56:K205), "", IF(K56:K205 < TODAY(), "Overdue", "Ok")) -> Ok
A57: R2.332.FN110(Fr.B.) | B57: ID-Fan | C57: ID fan free Bearing L#2 | D57: 0.5 Y | E57: Mobil DTE Heavy Medium | F57: Mobil | G57: 10 | H57: 45137 | I57: 45293 | J57: 46068 | K57: =EDATE(J57, 6) -> 46249 | L57: =IF(ISBLANK(K57:K206), "", IF(K57:K206 < TODAY(), "Overdue", "Ok")) -> Ok
A58: R2.332.FN110(Fx.B.) | C58: ID fan fixed Bearing L#2 | D58: 0.5 Y | E58: Mobil DTE Heavy Medium | F58: Mobil | G58: 10 | H58: 45137 | I58: 45293 | J58: 46068 | K58: =EDATE(J58, 6) -> 46249 | L58: =IF(ISBLANK(K58:K207), "", IF(K58:K207 < TODAY(), "Overdue", "Ok")) -> Ok
A59: 332.FN400 | B59: Electrostatic Precipitator Fan | C59: Not Found | D59: Oil Analysis | E59: Mobil SHC 632 | F59: Mobil | G59: 1.2 | J59: 46068 | K59: =EDATE(J59, 36) -> 47164 | L59: =IF(ISBLANK(K59:K208), "", IF(K59:K208 < TODAY(), "Overdue", "Ok")) -> Ok
A60: 341.BE040 L | B60: Bucket Elevator | C60: Bucket Elevator GB - L | D60: Oil Analysis | E60: Mobilgear 600 XP 320 | F60: Mobil | G60: 80 | I60: 43525 | J60: 46132 | K60: =EDATE(J60, 36) -> 47228 | L60: =IF(ISBLANK(K60:K209), "", IF(K60:K209 < TODAY(), "Overdue", "Ok")) -> Ok
A61: 341.BE040 R | B61: Bucket Elevator | C61: Bucket Elevator GB - R | D61: Oil Analysis | E61: Mobilgear 600 XP 320 | F61: Mobil | G61: 80 | J61: 43525 | K61: =EDATE(J61, 36) -> 44621 | L61: =IF(ISBLANK(K61:K210), "", IF(K61:K210 < TODAY(), "Overdue", "Ok")) -> Overdue
A62: 342.BE050 L | B62: Bucket Elevator | C62: Bucket Elevator GB - L | D62: Oil Analysis | E62: Mobil SHC 632 | F62: Mobil | G62: 80 | J62: 45796 | K62: =EDATE(J62, 36) -> 46892 | L62: =IF(ISBLANK(K62:K211), "", IF(K62:K211 < TODAY(), "Overdue", "Ok")) -> Ok
A63: 342.BE050 R | B63: Bucket Elevator | C63: Bucket Elevator GB - R | D63: Oil Analysis | E63: Mobil SHC 632 | F63: Mobil | G63: 80 | I63: 43647 | J63: 45439 | K63: =EDATE(J63, 36) -> 46534 | L63: =IF(ISBLANK(K63:K212), "", IF(K63:K212 < TODAY(), "Overdue", "Ok")) -> Ok
A64: 351.BE350 L | B64: Bucket Elevator | C64: Bucket Elevator GB - L | D64: Oil Analysis | E64: Mobilgear 600 XP 320 | F64: Mobil | G64: 130 | J64: 44531 | K64: =EDATE(J64, 36) -> 45627 | L64: =IF(ISBLANK(K64:K213), "", IF(K64:K213 < TODAY(), "Overdue", "Ok")) -> Overdue
A65: 351.BE350 R | B65: Bucket Elevator | C65: Bucket Elevator GB - R | D65: Oil Analysis | E65: Mobilgear 600 XP 320 | F65: Mobil | G65: 130 | J65: 43525 | K65: =EDATE(J65, 36) -> 44621 | L65: =IF(ISBLANK(K65:K214), "", IF(K65:K214 < TODAY(), "Overdue", "Ok")) -> Overdue
A66: 352.BE340 L | B66: Bucket Elevator | C66: Bucket Elevator GB - L | D66: Oil Analysis | E66: Mobil SHC 632 | F66: Mobil | G66: 130 | I66: 44593 | J66: 46025 | K66: =EDATE(J66, 36) -> 47121 | L66: =IF(ISBLANK(K66:K215), "", IF(K66:K215 < TODAY(), "Overdue", "Ok")) -> Ok
A67: 352.BE340 R | B67: Bucket Elevator | C67: Bucket Elevator GB - R | D67: Oil Analysis | E67: Mobil SHC 632 | F67: Mobil | G67: 130 | I67: 44698 | J67: 45639 | K67: =EDATE(J67, 36) -> 46734 | L67: =IF(ISBLANK(K67:K216), "", IF(K67:K216 < TODAY(), "Overdue", "Ok")) -> Ok
A68: 421.FV770 | B68: Triple flap gate | C68: AF sluice FLS Hyd. unit | D68: 2 Y | E68: Total Azolla 46 | F68: Total | J68: 44913 | K68: =EDATE(J68, 24) -> 45644 | L68: =IF(ISBLANK(K68:K217), "", IF(K68:K217 < TODAY(), "Overdue", "Ok")) -> Overdue
A69: 421.HR700 (A) | B69: HOTDISC Drive (A) | C69: HOTDISC Drive M01 | D69: 2 Y | E69: Mobil SHC 630 | F69: Mobil | J69: 46057 | K69: =EDATE(J69, 24) -> 46787 | L69: =IF(ISBLANK(K69:K218), "", IF(K69:K218 < TODAY(), "Overdue", "Ok")) -> Ok
A70: 421.HR700 (B) | B70: HOTDISC Drive (B) | C70: HOTDISC Drive M02 | D70: 2 Y | E70: Mobil SHC 630 | F70: Mobil | J70: 46057 | K70: =EDATE(J70, 24) -> 46787 | L70: =IF(ISBLANK(K70:K219), "", IF(K70:K219 < TODAY(), "Overdue", "Ok")) -> Ok
A71: 431.HT120 | B71: Hydraulic thrust device | C71: Kiln Hydraulic thrust circuit | D71: Oil Analysis | E71: Mobil DTE 25 | F71: Mobil | G71: 200 | J71: 43891 | K71: =EDATE(J71, 36) -> 44986 | L71: =IF(ISBLANK(K71:K220), "", IF(K71:K220 < TODAY(), "Overdue", "Ok")) -> Overdue
A72: 431.HT120(BE) | B72: Hydraulic thrust device | C72: Hydraulic thrust bearing | D72: Oil Analysis | E72: Mobil SHC 639 | F72: Mobil | G72: 55 | H72: 43891 | I72: 44809 | J72: 45280 | K72: =EDATE(J72, 36) -> 46376 | L72: =IF(ISBLANK(K72:K221), "", IF(K72:K221 < TODAY(), "Overdue", "Ok")) -> Ok
A73: 431.KB101(1) | B73: Kiln support No. 1 | C73: Kiln Bearing | D73: Oil Analysis | E73: Mobil gear 600 XP 1000 | F73: Mobil | G73: 120 | H73: 45015 | I73: 45332 | J73: 46055 | K73: =EDATE(J73, 36) -> 47151 | L73: =IF(ISBLANK(K73:K222), "", IF(K73:K222 < TODAY(), "Overdue", "Ok")) -> Ok
A74: 431.KB101(2) | C74: Kiln Bearing | D74: Oil Analysis | E74: Mobil gear 600 XP 1000 | F74: Mobil | G74: 120 | H74: 45015 | I74: 45332 | J74: 46055 | K74: =EDATE(J74, 36) -> 47151 | L74: =IF(ISBLANK(K74:K223), "", IF(K74:K223 < TODAY(), "Overdue", "Ok")) -> Ok
A75: 431.KB101(3) | C75: Kiln Bearing | D75: Oil Analysis | E75: Mobil gear 600 XP 1000 | F75: Mobil | G75: 120 | H75: 45015 | I75: 45332 | J75: 46055 | K75: =EDATE(J75, 36) -> 47151 | L75: =IF(ISBLANK(K75:K224), "", IF(K75:K224 < TODAY(), "Overdue", "Ok")) -> Ok
A76: 431.KB101(4) | C76: Kiln Bearing | D76: Oil Analysis | E76: Mobil gear 600 XP 1000 | F76: Mobil | G76: 120 | H76: 45015 | I76: 45332 | J76: 46055 | K76: =EDATE(J76, 36) -> 47151 | L76: =IF(ISBLANK(K76:K225), "", IF(K76:K225 < TODAY(), "Overdue", "Ok")) -> Ok
A77: 431.KB102(1) | B77: Kiln support No. 2 | C77: Kiln Bearing | D77: Oil Analysis | E77: Mobil gear 600 XP 1000 | F77: Mobil | G77: 120 | H77: 45015 | I77: 45332 | J77: 46055 | K77: =EDATE(J77, 36) -> 47151 | L77: =IF(ISBLANK(K77:K226), "", IF(K77:K226 < TODAY(), "Overdue", "Ok")) -> Ok
A78: 431.KB102(2) | C78: Kiln Bearing | D78: Oil Analysis | E78: Mobil gear 600 XP 1000 | F78: Mobil | G78: 120 | H78: 45015 | I78: 45332 | J78: 46055 | K78: =EDATE(J78, 36) -> 47151 | L78: =IF(ISBLANK(K78:K227), "", IF(K78:K227 < TODAY(), "Overdue", "Ok")) -> Ok
A79: 431.KB102(3) | C79: Kiln Bearing | D79: Oil Analysis | E79: Mobil gear 600 XP 1000 | F79: Mobil | G79: 120 | H79: 45015 | I79: 45332 | J79: 46055 | K79: =EDATE(J79, 36) -> 47151 | L79: =IF(ISBLANK(K79:K228), "", IF(K79:K228 < TODAY(), "Overdue", "Ok")) -> Ok
A80: 431.KB102(4) | C80: Kiln Bearing | D80: Oil Analysis | E80: Mobil gear 600 XP 1000 | F80: Mobil | G80: 120 | H80: 45015 | I80: 45332 | J80: 46055 | K80: =EDATE(J80, 36) -> 47151 | L80: =IF(ISBLANK(K80:K229), "", IF(K80:K229 < TODAY(), "Overdue", "Ok")) -> Ok
A81: 431.KB103(1) | B81: Kiln support No. 3 | C81: Kiln Bearing | D81: Oil Analysis | E81: Mobil gear 600 XP 1000 | F81: Mobil | G81: 120 | H81: 45015 | I81: 45332 | J81: 46055 | K81: =EDATE(J81, 36) -> 47151 | L81: =IF(ISBLANK(K81:K230), "", IF(K81:K230 < TODAY(), "Overdue", "Ok")) -> Ok
A82: 431.KB103(2) | C82: Kiln Bearing | D82: Oil Analysis | E82: Mobil gear 600 XP 1000 | F82: Mobil | G82: 120 | H82: 45015 | I82: 45332 | J82: 46055 | K82: =EDATE(J82, 36) -> 47151 | L82: =IF(ISBLANK(K82:K231), "", IF(K82:K231 < TODAY(), "Overdue", "Ok")) -> Ok
A83: 431.KB103(3) | C83: Kiln Bearing | D83: Oil Analysis | E83: Mobil gear 600 XP 1000 | F83: Mobil | G83: 120 | H83: 45015 | I83: 45332 | J83: 46055 | K83: =EDATE(J83, 36) -> 47151 | L83: =IF(ISBLANK(K83:K232), "", IF(K83:K232 < TODAY(), "Overdue", "Ok")) -> Ok
A84: 431.KB103(4) | C84: Kiln Bearing | D84: Oil Analysis | E84: Mobil gear 600 XP 1000 | F84: Mobil | G84: 120 | H84: 45015 | I84: 45332 | J84: 46055 | K84: =EDATE(J84, 36) -> 47151 | L84: =IF(ISBLANK(K84:K233), "", IF(K84:K233 < TODAY(), "Overdue", "Ok")) -> Ok
A85: 431.MD140 (N31) | B85: Kiln Main drive | C85: Kiln Main drive gearbox W.S side | D85: Oil Analysis | E85: Mobil gear 600 XP 320 | F85: Mobil | G85: 450 | J85: 43891 | K85: =EDATE(J85, 36) -> 44986 | L85: =IF(ISBLANK(K85:K234), "", IF(K85:K234 < TODAY(), "Overdue", "Ok")) -> Overdue
A86: 431.MD140 (N32) | B86: Kiln Main drive | C86: Kiln Main drive gearbox CCR side | D86: Oil Analysis | E86: Mobil gear 600 XP 320 | F86: Mobil | G86: 450 | J86: 43891 | K86: =EDATE(J86, 36) -> 44986 | L86: =IF(ISBLANK(K86:K235), "", IF(K86:K235 < TODAY(), "Overdue", "Ok")) -> Overdue
A87: R2.432.HT120(T) | B87: Hydraulic thrust device | C87: Kiln Hydraulic thrust circuit L#2 | D87: Oil Analysis | E87: Mobil SHC 639 | F87: Mobil | G87: 50 | H87: 44378 | I87: 44621 | J87: 45781 | K87: =EDATE(J87, 36) -> 46877 | L87: =IF(ISBLANK(K87:K236), "", IF(K87:K236 < TODAY(), "Overdue", "Ok")) -> Ok
A88: R2.432.HT120(BE) | B88: Hydraulic thrust device | C88: Hydraulic thrust bearing L#2 | D88: Oil Analysis | E88: Mobil DTE 25 | F88: Mobil | G88: 31 | J88: 45781 | K88: =EDATE(J88, 36) -> 46877 | L88: =IF(ISBLANK(K88:K237), "", IF(K88:K237 < TODAY(), "Overdue", "Ok")) -> Ok
A89: R2.432.KB101(1) | B89: Kiln support No. 1 | C89: Kiln Bearing | D89: Oil Analysis | E89: Mobil gear 600 XP 1000 | F89: Mobil | G89: 120 | H89: 44852 | I89: 45200 | J89: 46067 | K89: =EDATE(J89, 36) -> 47163 | L89: =IF(ISBLANK(K89:K238), "", IF(K89:K238 < TODAY(), "Overdue", "Ok")) -> Ok
A90: R2.432.KB101(2) | C90: Kiln Bearing | D90: Oil Analysis | E90: Mobil gear 600 XP 1000 | F90: Mobil | G90: 120 | H90: 44852 | I90: 45200 | J90: 46067 | K90: =EDATE(J90, 36) -> 47163 | L90: =IF(ISBLANK(K90:K239), "", IF(K90:K239 < TODAY(), "Overdue", "Ok")) -> Ok
A91: R2.432.KB101(3) | C91: Kiln Bearing | D91: Oil Analysis | E91: Mobil gear 600 XP 1000 | F91: Mobil | G91: 120 | H91: 44852 | I91: 45200 | J91: 46067 | K91: =EDATE(J91, 36) -> 47163 | L91: =IF(ISBLANK(K91:K240), "", IF(K91:K240 < TODAY(), "Overdue", "Ok")) -> Ok
A92: R2.432.KB101(4) | C92: Kiln Bearing | D92: Oil Analysis | E92: Mobil gear 600 XP 1000 | F92: Mobil | G92: 120 | H92: 44852 | I92: 45200 | J92: 46067 | K92: =EDATE(J92, 36) -> 47163 | L92: =IF(ISBLANK(K92:K241), "", IF(K92:K241 < TODAY(), "Overdue", "Ok")) -> Ok
A93: R2.432.KB102(1) | B93: Kiln support No. 2 | C93: Kiln Bearing | D93: Oil Analysis | E93: Mobil gear 600 XP 1000 | F93: Mobil | G93: 120 | H93: 44852 | I93: 45200 | J93: 46067 | K93: =EDATE(J93, 36) -> 47163 | L93: =IF(ISBLANK(K93:K242), "", IF(K93:K242 < TODAY(), "Overdue", "Ok")) -> Ok
A94: R2.432.KB102(2) | C94: Kiln Bearing | D94: Oil Analysis | E94: Mobil gear 600 XP 1000 | F94: Mobil | G94: 120 | H94: 44852 | I94: 45200 | J94: 46067 | K94: =EDATE(J94, 36) -> 47163 | L94: =IF(ISBLANK(K94:K243), "", IF(K94:K243 < TODAY(), "Overdue", "Ok")) -> Ok
A95: R2.432.KB102(3) | C95: Kiln Bearing | D95: Oil Analysis | E95: Mobil gear 600 XP 1000 | F95: Mobil | G95: 120 | H95: 44852 | I95: 45200 | J95: 46067 | K95: =EDATE(J95, 36) -> 47163 | L95: =IF(ISBLANK(K95:K244), "", IF(K95:K244 < TODAY(), "Overdue", "Ok")) -> Ok
A96: R2.432.KB102(4) | C96: Kiln Bearing | D96: Oil Analysis | E96: Mobil gear 600 XP 1000 | F96: Mobil | G96: 120 | H96: 44852 | I96: 45200 | J96: 46067 | K96: =EDATE(J96, 36) -> 47163 | L96: =IF(ISBLANK(K96:K245), "", IF(K96:K245 < TODAY(), "Overdue", "Ok")) -> Ok
A97: R2.432.KB103(1) | B97: Kiln support No. 3 | C97: Kiln Bearing | D97: Oil Analysis | E97: Mobil gear 600 XP 1000 | F97: Mobil | G97: 120 | H97: 44852 | I97: 45200 | J97: 46067 | K97: =EDATE(J97, 36) -> 47163 | L97: =IF(ISBLANK(K97:K246), "", IF(K97:K246 < TODAY(), "Overdue", "Ok")) -> Ok
A98: R2.432.KB103(2) | C98: Kiln Bearing | D98: Oil Analysis | E98: Mobil gear 600 XP 1000 | F98: Mobil | G98: 120 | H98: 44852 | I98: 45200 | J98: 46067 | K98: =EDATE(J98, 36) -> 47163 | L98: =IF(ISBLANK(K98:K247), "", IF(K98:K247 < TODAY(), "Overdue", "Ok")) -> Ok
A99: R2.432.KB103(3) | C99: Kiln Bearing | D99: Oil Analysis | E99: Mobil gear 600 XP 1000 | F99: Mobil | G99: 120 | H99: 44852 | I99: 45200 | J99: 46067 | K99: =EDATE(J99, 36) -> 47163 | L99: =IF(ISBLANK(K99:K248), "", IF(K99:K248 < TODAY(), "Overdue", "Ok")) -> Ok
A100: R2.432.KB103(4) | C100: Kiln Bearing | D100: Oil Analysis | E100: Mobil gear 600 XP 1000 | F100: Mobil | G100: 120 | H100: 44852 | I100: 45200 | J100: 46067 | K100: =EDATE(J100, 36) -> 47163 | L100: =IF(ISBLANK(K100:K249), "", IF(K100:K249 < TODAY(), "Overdue", "Ok")) -> Ok
...

Sheet Data Entry_BD
A1: 🛢 OIL ANALYSIS – MASTER DATA ENTRY | Reliance Heavy Industries
A2: All equipment readings in one table — select equipment in the Analysis tab to view filtered trends and diagnostics
A3: ℹ️ Enter data manual on all column
A4: EQUIPMENT INFO | C4: SAMPLE INFO | F4: LUBRICANT | Q4: WEAR (ppm) | Z4: CONTAMINANT (ppm) | AC4: Additive (ppm) | AI4: RECOMMENDATIONS
A5: Equipment Code | B5: Description | C5: sample ID | D5: Sample Date | E5: Report Status | F5: Contamination Rating | G5: Equipment Rating | H5: Lubricant Rating | I5: Particle Count >4um | J5: Particle Count >6um | K5: Particle Count >14um | L5: PQ Index | M5: Visc@40C (cSt) | N5: TAN (mg KOH/g) | O5: Oxidation (Ab/cm) | P5: Water (Vol%) | Q5: Ag (Silver) | R5: Al (Aluminum) | S5: Cr (Chromium) | T5: Cu (Copper) | U5: Fe (Iron) | V5: Mo (Molybdenum) | W5: Ni (Nickel) | X5: Pb (Lead) | Y5: Sn (Tin) | Z5: K (Potassium) | AA5: Na (Sodium) | AB5: Si (Silicon) | AC5: B (Boron) | AD5: Ba (Barium) | AE5: Ca (Calcium) | AF5: Mg (Magnesium) | AG5: P (Phosphorus) | AH5: Zn (Zinc) | AI5: Alert Type | AJ5: Recommendation / Action
A6: =IFERROR(__xludf.DUMMYFUNCTION("SORT(FILTER(Data_Entry!$A$6:$AJ2642, Data_Entry!$A$6:$A2642 <> """"), 4, TRUE)"),"321.LQ145(GB)") -> 321.LQ145(GB) | B6: =IFERROR(__xludf.DUMMYFUNCTION("""COMPUTED_VALUE"""),"Gear lubrication Gear Box") -> Gear lubrication Gear Box | C6: =IFERROR(__xludf.DUMMYFUNCTION("""COMPUTED_VALUE"""),1.8140205206E10) -> 18140205206 | D6: =IFERROR(__xludf.DUMMYFUNCTION("""COMPUTED_VALUE"""),43236.0) -> 43236 | E6: =IFERROR(__xludf.DUMMYFUNCTION("""COMPUTED_VALUE"""),"Alert") -> Alert | F6: =IFERROR(__xludf.DUMMYFUNCTION("""COMPUTED_VALUE"""),"Alert") -> Alert | G6: =IFERROR(__xludf.DUMMYFUNCTION("""COMPUTED_VALUE"""),"Normal") -> Normal | H6: =IFERROR(__xludf.DUMMYFUNCTION("""COMPUTED_VALUE"""),"Normal") -> Normal | L6: =IFERROR(__xludf.DUMMYFUNCTION("""COMPUTED_VALUE"""),13.0) -> 13 | M6: =IFERROR(__xludf.DUMMYFUNCTION("""COMPUTED_VALUE"""),301.3) -> 301.3 | O6: =IFERROR(__xludf.DUMMYFUNCTION("""COMPUTED_VALUE"""),2.0) -> 2 | P6: =IFERROR(__xludf.DUMMYFUNCTION("""COMPUTED_VALUE"""),0.11) -> 0.11 | R6: =IFERROR(__xludf.DUMMYFUNCTION("""COMPUTED_VALUE"""),8.0) -> 8 | S6: =IFERROR(__xludf.DUMMYFUNCTION("""COMPUTED_VALUE"""),0.0) -> 0 | T6: =IFERROR(__xludf.DUMMYFUNCTION("""COMPUTED_VALUE"""),4.0) -> 4 | U6: =IFERROR(__xludf.DUMMYFUNCTION("""COMPUTED_VALUE"""),29.0) -> 29 | V6: =IFERROR(__xludf.DUMMYFUNCTION("""COMPUTED_VALUE"""),0.0) -> 0 | W6: =IFERROR(__xludf.DUMMYFUNCTION("""COMPUTED_VALUE"""),0.0) -> 0 | X6: =IFERROR(__xludf.DUMMYFUNCTION("""COMPUTED_VALUE"""),2.0) -> 2 | Y6: =IFERROR(__xludf.DUMMYFUNCTION("""COMPUTED_VALUE"""),0.0) -> 0 | Z6: =IFERROR(__xludf.DUMMYFUNCTION("""COMPUTED_VALUE"""),2.0) -> 2 | AA6: =IFERROR(__xludf.DUMMYFUNCTION("""COMPUTED_VALUE"""),0.0) -> 0 | AB6: =IFERROR(__xludf.DUMMYFUNCTION("""COMPUTED_VALUE"""),26.0) -> 26 | AC6: =IFERROR(__xludf.DUMMYFUNCTION("""COMPUTED_VALUE"""),11.0) -> 11 | AD6: =IFERROR(__xludf.DUMMYFUNCTION("""COMPUTED_VALUE"""),0.0) -> 0 | AE6: =IFERROR(__xludf.DUMMYFUNCTION("""COMPUTED_VALUE"""),226.0) -> 226 | AF6: =IFERROR(__xludf.DUMMYFUNCTION("""COMPUTED_VALUE"""),0.0) -> 0 | AG6: =IFERROR(__xludf.DUMMYFUNCTION("""COMPUTED_VALUE"""),502.0) -> 502 | AH6: =IFERROR(__xludf.DUMMYFUNCTION("""COMPUTED_VALUE"""),0.0) -> 0 | AI6: =IFERROR(__xludf.DUMMYFUNCTION("""COMPUTED_VALUE"""),"Water Ingress") -> Water Ingress | AJ6: =IFERROR(__xludf.DUMMYFUNCTION("""COMPUTED_VALUE"""),"Water detected - inspect seals and breathers") -> Water detected - inspect seals and breathers
A7: =IFERROR(__xludf.DUMMYFUNCTION("""COMPUTED_VALUE"""),"263.AF010") -> 263.AF010 | B7: =IFERROR(__xludf.DUMMYFUNCTION("""COMPUTED_VALUE"""),"Cargo floor hydraulic tank") -> Cargo floor hydraulic tank | C7: =IFERROR(__xludf.DUMMYFUNCTION("""COMPUTED_VALUE"""),2.1004861217E10) -> 21004861217 | D7: =IFERROR(__xludf.DUMMYFUNCTION("""COMPUTED_VALUE"""),44196.0) -> 44196 | E7: =IFERROR(__xludf.DUMMYFUNCTION("""COMPUTED_VALUE"""),"Alert") -> Alert | F7: =IFERROR(__xludf.DUMMYFUNCTION("""COMPUTED_VALUE"""),"Alert") -> Alert | G7: =IFERROR(__xludf.DUMMYFUNCTION("""COMPUTED_VALUE"""),"Normal") -> Normal | H7: =IFERROR(__xludf.DUMMYFUNCTION("""COMPUTED_VALUE"""),"Normal") -> Normal | L7: =IFERROR(__xludf.DUMMYFUNCTION("""COMPUTED_VALUE"""),9.0) -> 9 | M7: =IFERROR(__xludf.DUMMYFUNCTION("""COMPUTED_VALUE"""),41.3) -> 41.3 | O7: =IFERROR(__xludf.DUMMYFUNCTION("""COMPUTED_VALUE"""),0.0) -> 0 | P7: =IFERROR(__xludf.DUMMYFUNCTION("""COMPUTED_VALUE"""),0.2) -> 0.2 | Q7: =IFERROR(__xludf.DUMMYFUNCTION("""COMPUTED_VALUE"""),0.0) -> 0 | R7: =IFERROR(__xludf.DUMMYFUNCTION("""COMPUTED_VALUE"""),2.0) -> 2 | S7: =IFERROR(__xludf.DUMMYFUNCTION("""COMPUTED_VALUE"""),6.0) -> 6 | T7: =IFERROR(__xludf.DUMMYFUNCTION("""COMPUTED_VALUE"""),8.0) -> 8 | U7: =IFERROR(__xludf.DUMMYFUNCTION("""COMPUTED_VALUE"""),4.0) -> 4 | V7: =IFERROR(__xludf.DUMMYFUNCTION("""COMPUTED_VALUE"""),13.0) -> 13 | W7: =IFERROR(__xludf.DUMMYFUNCTION("""COMPUTED_VALUE"""),6.0) -> 6 | X7: =IFERROR(__xludf.DUMMYFUNCTION("""COMPUTED_VALUE"""),0.0) -> 0 | Y7: =IFERROR(__xludf.DUMMYFUNCTION("""COMPUTED_VALUE"""),0.0) -> 0 | Z7: =IFERROR(__xludf.DUMMYFUNCTION("""COMPUTED_VALUE"""),4.0) -> 4 | AA7: =IFERROR(__xludf.DUMMYFUNCTION("""COMPUTED_VALUE"""),1.0) -> 1 | AB7: =IFERROR(__xludf.DUMMYFUNCTION("""COMPUTED_VALUE"""),4.0) -> 4 | AC7: =IFERROR(__xludf.DUMMYFUNCTION("""COMPUTED_VALUE"""),5.0) -> 5 | AD7: =IFERROR(__xludf.DUMMYFUNCTION("""COMPUTED_VALUE"""),0.0) -> 0 | AE7: =IFERROR(__xludf.DUMMYFUNCTION("""COMPUTED_VALUE"""),60.0) -> 60 | AF7: =IFERROR(__xludf.DUMMYFUNCTION("""COMPUTED_VALUE"""),0.0) -> 0 | AG7: =IFERROR(__xludf.DUMMYFUNCTION("""COMPUTED_VALUE"""),475.0) -> 475 | AH7: =IFERROR(__xludf.DUMMYFUNCTION("""COMPUTED_VALUE"""),467.0) -> 467 | AI7: =IFERROR(__xludf.DUMMYFUNCTION("""COMPUTED_VALUE"""),"Water Ingress") -> Water Ingress | AJ7: =IFERROR(__xludf.DUMMYFUNCTION("""COMPUTED_VALUE"""),"Water detected - inspect seals and breathers") -> Water detected - inspect seals and breathers
A8: =IFERROR(__xludf.DUMMYFUNCTION("""COMPUTED_VALUE"""),"321.LQ120 (R3)") -> 321.LQ120 (R3) | B8: =IFERROR(__xludf.DUMMYFUNCTION("""COMPUTED_VALUE"""),"Roller Lubrication Return R3 (filter Cup)") -> Roller Lubrication Return R3 (filter Cup) | C8: =IFERROR(__xludf.DUMMYFUNCTION("""COMPUTED_VALUE"""),2.1108184254E10) -> 21108184254 | D8: =IFERROR(__xludf.DUMMYFUNCTION("""COMPUTED_VALUE"""),44294.0) -> 44294 | E8: =IFERROR(__xludf.DUMMYFUNCTION("""COMPUTED_VALUE"""),"Normal") -> Normal | F8: =IFERROR(__xludf.DUMMYFUNCTION("""COMPUTED_VALUE"""),"Normal") -> Normal | G8: =IFERROR(__xludf.DUMMYFUNCTION("""COMPUTED_VALUE"""),"Normal") -> Normal | H8: =IFERROR(__xludf.DUMMYFUNCTION("""COMPUTED_VALUE"""),"Normal") -> Normal | L8: =IFERROR(__xludf.DUMMYFUNCTION("""COMPUTED_VALUE"""),8.0) -> 8 | M8: =IFERROR(__xludf.DUMMYFUNCTION("""COMPUTED_VALUE"""),76.2) -> 76.2 | P8: =IFERROR(__xludf.DUMMYFUNCTION("""COMPUTED_VALUE"""),0.04) -> 0.04 | Q8: =IFERROR(__xludf.DUMMYFUNCTION("""COMPUTED_VALUE"""),0.0) -> 0 | R8: =IFERROR(__xludf.DUMMYFUNCTION("""COMPUTED_VALUE"""),0.0) -> 0 | S8: =IFERROR(__xludf.DUMMYFUNCTION("""COMPUTED_VALUE"""),0.0) -> 0 | T8: =IFERROR(__xludf.DUMMYFUNCTION("""COMPUTED_VALUE"""),10.0) -> 10 | U8: =IFERROR(__xludf.DUMMYFUNCTION("""COMPUTED_VALUE"""),34.0) -> 34 | V8: =IFERROR(__xludf.DUMMYFUNCTION("""COMPUTED_VALUE"""),0.0) -> 0 | W8: =IFERROR(__xludf.DUMMYFUNCTION("""COMPUTED_VALUE"""),3.0) -> 3 | X8: =IFERROR(__xludf.DUMMYFUNCTION("""COMPUTED_VALUE"""),3.0) -> 3 | Y8: =IFERROR(__xludf.DUMMYFUNCTION("""COMPUTED_VALUE"""),5.0) -> 5 | Z8: =IFERROR(__xludf.DUMMYFUNCTION("""COMPUTED_VALUE"""),0.0) -> 0 | AA8: =IFERROR(__xludf.DUMMYFUNCTION("""COMPUTED_VALUE"""),0.0) -> 0 | AB8: =IFERROR(__xludf.DUMMYFUNCTION("""COMPUTED_VALUE"""),5.0) -> 5 | AC8: =IFERROR(__xludf.DUMMYFUNCTION("""COMPUTED_VALUE"""),41.0) -> 41 | AD8: =IFERROR(__xludf.DUMMYFUNCTION("""COMPUTED_VALUE"""),6.0) -> 6 | AE8: =IFERROR(__xludf.DUMMYFUNCTION("""COMPUTED_VALUE"""),28.0) -> 28 | AF8: =IFERROR(__xludf.DUMMYFUNCTION("""COMPUTED_VALUE"""),0.0) -> 0 | AG8: =IFERROR(__xludf.DUMMYFUNCTION("""COMPUTED_VALUE"""),432.0) -> 432 | AH8: =IFERROR(__xludf.DUMMYFUNCTION("""COMPUTED_VALUE"""),10.0) -> 10 | AI8: =IFERROR(__xludf.DUMMYFUNCTION("""COMPUTED_VALUE"""),"Normal - No Action Required") -> Normal - No Action Required | AJ8: =IFERROR(__xludf.DUMMYFUNCTION("""COMPUTED_VALUE"""),"Continue routine monitoring and sampling schedule") -> Continue routine monitoring and sampling schedule
A9: =IFERROR(__xludf.DUMMYFUNCTION("""COMPUTED_VALUE"""),"321.LQ120 (R3)") -> 321.LQ120 (R3) | B9: =IFERROR(__xludf.DUMMYFUNCTION("""COMPUTED_VALUE"""),"Roller Lubrication Return R3 (filter Cup)") -> Roller Lubrication Return R3 (filter Cup) | C9: =IFERROR(__xludf.DUMMYFUNCTION("""COMPUTED_VALUE"""),2.4212062572E10) -> 24212062572 | D9: =IFERROR(__xludf.DUMMYFUNCTION("""COMPUTED_VALUE"""),44383.0) -> 44383 | E9: =IFERROR(__xludf.DUMMYFUNCTION("""COMPUTED_VALUE"""),"Normal") -> Normal | F9: =IFERROR(__xludf.DUMMYFUNCTION("""COMPUTED_VALUE"""),"Normal") -> Normal | G9: =IFERROR(__xludf.DUMMYFUNCTION("""COMPUTED_VALUE"""),"Normal") -> Normal | H9: =IFERROR(__xludf.DUMMYFUNCTION("""COMPUTED_VALUE"""),"Normal") -> Normal | L9: =IFERROR(__xludf.DUMMYFUNCTION("""COMPUTED_VALUE"""),9.0) -> 9 | M9: =IFERROR(__xludf.DUMMYFUNCTION("""COMPUTED_VALUE"""),76.9) -> 76.9 | P9: =IFERROR(__xludf.DUMMYFUNCTION("""COMPUTED_VALUE"""),0.03) -> 0.03 | Q9: =IFERROR(__xludf.DUMMYFUNCTION("""COMPUTED_VALUE"""),0.0) -> 0 | R9: =IFERROR(__xludf.DUMMYFUNCTION("""COMPUTED_VALUE"""),2.0) -> 2 | S9: =IFERROR(__xludf.DUMMYFUNCTION("""COMPUTED_VALUE"""),0.0) -> 0 | T9: =IFERROR(__xludf.DUMMYFUNCTION("""COMPUTED_VALUE"""),10.0) -> 10 | U9: =IFERROR(__xludf.DUMMYFUNCTION("""COMPUTED_VALUE"""),36.0) -> 36 | V9: =IFERROR(__xludf.DUMMYFUNCTION("""COMPUTED_VALUE"""),0.0) -> 0 | W9: =IFERROR(__xludf.DUMMYFUNCTION("""COMPUTED_VALUE"""),0.0) -> 0 | X9: =IFERROR(__xludf.DUMMYFUNCTION("""COMPUTED_VALUE"""),0.0) -> 0 | Y9: =IFERROR(__xludf.DUMMYFUNCTION("""COMPUTED_VALUE"""),0.0) -> 0 | Z9: =IFERROR(__xludf.DUMMYFUNCTION("""COMPUTED_VALUE"""),5.0) -> 5 | AA9: =IFERROR(__xludf.DUMMYFUNCTION("""COMPUTED_VALUE"""),13.0) -> 13 | AB9: =IFERROR(__xludf.DUMMYFUNCTION("""COMPUTED_VALUE"""),0.0) -> 0 | AC9: =IFERROR(__xludf.DUMMYFUNCTION("""COMPUTED_VALUE"""),1.0) -> 1 | AD9: =IFERROR(__xludf.DUMMYFUNCTION("""COMPUTED_VALUE"""),0.0) -> 0 | AE9: =IFERROR(__xludf.DUMMYFUNCTION("""COMPUTED_VALUE"""),19.0) -> 19 | AF9: =IFERROR(__xludf.DUMMYFUNCTION("""COMPUTED_VALUE"""),2.0) -> 2 | AG9: =IFERROR(__xludf.DUMMYFUNCTION("""COMPUTED_VALUE"""),396.0) -> 396 | AH9: =IFERROR(__xludf.DUMMYFUNCTION("""COMPUTED_VALUE"""),80.0) -> 80 | AI9: =IFERROR(__xludf.DUMMYFUNCTION("""COMPUTED_VALUE"""),"Normal - No Action Required") -> Normal - No Action Required | AJ9: =IFERROR(__xludf.DUMMYFUNCTION("""COMPUTED_VALUE"""),"Continue routine monitoring and sampling schedule") -> Continue routine monitoring and sampling schedule
A10: =IFERROR(__xludf.DUMMYFUNCTION("""COMPUTED_VALUE"""),"R2.322.LQ145 (GB)") -> R2.322.LQ145 (GB) | B10: =IFERROR(__xludf.DUMMYFUNCTION("""COMPUTED_VALUE"""),"Mill2 gear Box") -> Mill2 gear Box | C10: =IFERROR(__xludf.DUMMYFUNCTION("""COMPUTED_VALUE"""),2.1285485216E10) -> 21285485216 | D10: =IFERROR(__xludf.DUMMYFUNCTION("""COMPUTED_VALUE"""),44476.0) -> 44476 | E10: =IFERROR(__xludf.DUMMYFUNCTION("""COMPUTED_VALUE"""),"Caution") -> Caution | F10: =IFERROR(__xludf.DUMMYFUNCTION("""COMPUTED_VALUE"""),"Normal") -> Normal | G10: =IFERROR(__xludf.DUMMYFUNCTION("""COMPUTED_VALUE"""),"Caution") -> Caution | H10: =IFERROR(__xludf.DUMMYFUNCTION("""COMPUTED_VALUE"""),"Normal") -> Normal | I10: =IFERROR(__xludf.DUMMYFUNCTION("""COMPUTED_VALUE"""),33058.0) -> 33058 | J10: =IFERROR(__xludf.DUMMYFUNCTION("""COMPUTED_VALUE"""),8169.0) -> 8169 | K10: =IFERROR(__xludf.DUMMYFUNCTION("""COMPUTED_VALUE"""),397.0) -> 397 | L10: =IFERROR(__xludf.DUMMYFUNCTION("""COMPUTED_VALUE"""),18.0) -> 18 | M10: =IFERROR(__xludf.DUMMYFUNCTION("""COMPUTED_VALUE"""),328.4) -> 328.4 | O10: =IFERROR(__xludf.DUMMYFUNCTION("""COMPUTED_VALUE"""),2.0) -> 2 | P10: =IFERROR(__xludf.DUMMYFUNCTION("""COMPUTED_VALUE"""),0.03) -> 0.03 | Q10: =IFERROR(__xludf.DUMMYFUNCTION("""COMPUTED_VALUE"""),0.0) -> 0 | R10: =IFERROR(__xludf.DUMMYFUNCTION("""COMPUTED_VALUE"""),0.0) -> 0 | S10: =IFERROR(__xludf.DUMMYFUNCTION("""COMPUTED_VALUE"""),2.0) -> 2 | T10: =IFERROR(__xludf.DUMMYFUNCTION("""COMPUTED_VALUE"""),4.0) -> 4 | U10: =IFERROR(__xludf.DUMMYFUNCTION("""COMPUTED_VALUE"""),42.0) -> 42 | V10: =IFERROR(__xludf.DUMMYFUNCTION("""COMPUTED_VALUE"""),0.0) -> 0 | W10: =IFERROR(__xludf.DUMMYFUNCTION("""COMPUTED_VALUE"""),0.0) -> 0 | X10: =IFERROR(__xludf.DUMMYFUNCTION("""COMPUTED_VALUE"""),0.0) -> 0 | Y10: =IFERROR(__xludf.DUMMYFUNCTION("""COMPUTED_VALUE"""),0.0) -> 0 | Z10: =IFERROR(__xludf.DUMMYFUNCTION("""COMPUTED_VALUE"""),0.0) -> 0 | AA10: =IFERROR(__xludf.DUMMYFUNCTION("""COMPUTED_VALUE"""),0.0) -> 0 | AB10: =IFERROR(__xludf.DUMMYFUNCTION("""COMPUTED_VALUE"""),0.0) -> 0 | AC10: =IFERROR(__xludf.DUMMYFUNCTION("""COMPUTED_VALUE"""),14.0) -> 14 | AD10: =IFERROR(__xludf.DUMMYFUNCTION("""COMPUTED_VALUE"""),0.0) -> 0 | AE10: =IFERROR(__xludf.DUMMYFUNCTION("""COMPUTED_VALUE"""),3.0) -> 3 | AF10: =IFERROR(__xludf.DUMMYFUNCTION("""COMPUTED_VALUE"""),0.0) -> 0 | AG10: =IFERROR(__xludf.DUMMYFUNCTION("""COMPUTED_VALUE"""),309.0) -> 309 | AH10: =IFERROR(__xludf.DUMMYFUNCTION("""COMPUTED_VALUE"""),22.0) -> 22 | AI10: =IFERROR(__xludf.DUMMYFUNCTION("""COMPUTED_VALUE"""),"Caution – Elevated Fe / Oxidation") -> Caution – Elevated Fe / Oxidation | AJ10: =IFERROR(__xludf.DUMMYFUNCTION("""COMPUTED_VALUE"""),"Fe 42 ppm, ISO 22/20/16, oxidation 2 Ab/cm. Monitor trend. Inspect filtration.") -> Fe 42 ppm, ISO 22/20/16, oxidation 2 Ab/cm. Monitor trend. Inspect filtration.
A11: =IFERROR(__xludf.DUMMYFUNCTION("""COMPUTED_VALUE"""),"R2.322.LQ145 (GB)") -> R2.322.LQ145 (GB) | B11: =IFERROR(__xludf.DUMMYFUNCTION("""COMPUTED_VALUE"""),"Mill2 gear Box") -> Mill2 gear Box | C11: =IFERROR(__xludf.DUMMYFUNCTION("""COMPUTED_VALUE"""),2.2022220228E10) -> 22022220228 | D11: =IFERROR(__xludf.DUMMYFUNCTION("""COMPUTED_VALUE"""),44578.0) -> 44578 | E11: =IFERROR(__xludf.DUMMYFUNCTION("""COMPUTED_VALUE"""),"Caution") -> Caution | F11: =IFERROR(__xludf.DUMMYFUNCTION("""COMPUTED_VALUE"""),"Normal") -> Normal | G11: =IFERROR(__xludf.DUMMYFUNCTION("""COMPUTED_VALUE"""),"Normal") -> Normal | H11: =IFERROR(__xludf.DUMMYFUNCTION("""COMPUTED_VALUE"""),"Caution") -> Caution | I11: =IFERROR(__xludf.DUMMYFUNCTION("""COMPUTED_VALUE"""),63852.0) -> 63852 | J11: =IFERROR(__xludf.DUMMYFUNCTION("""COMPUTED_VALUE"""),12552.0) -> 12552 | K11: =IFERROR(__xludf.DUMMYFUNCTION("""COMPUTED_VALUE"""),885.0) -> 885 | L11: =IFERROR(__xludf.DUMMYFUNCTION("""COMPUTED_VALUE"""),18.0) -> 18 | M11: =IFERROR(__xludf.DUMMYFUNCTION("""COMPUTED_VALUE"""),332.2) -> 332.2 | O11: =IFERROR(__xludf.DUMMYFUNCTION("""COMPUTED_VALUE"""),6.0) -> 6 | P11: =IFERROR(__xludf.DUMMYFUNCTION("""COMPUTED_VALUE"""),0.04) -> 0.04 | Q11: =IFERROR(__xludf.DUMMYFUNCTION("""COMPUTED_VALUE"""),0.0) -> 0 | R11: =IFERROR(__xludf.DUMMYFUNCTION("""COMPUTED_VALUE"""),6.0) -> 6 | S11: =IFERROR(__xludf.DUMMYFUNCTION("""COMPUTED_VALUE"""),3.0) -> 3 | T11: =IFERROR(__xludf.DUMMYFUNCTION("""COMPUTED_VALUE"""),8.0) -> 8 | U11: =IFERROR(__xludf.DUMMYFUNCTION("""COMPUTED_VALUE"""),26.0) -> 26 | V11: =IFERROR(__xludf.DUMMYFUNCTION("""COMPUTED_VALUE"""),0.0) -> 0 | W11: =IFERROR(__xludf.DUMMYFUNCTION("""COMPUTED_VALUE"""),0.0) -> 0 | X11: =IFERROR(__xludf.DUMMYFUNCTION("""COMPUTED_VALUE"""),5.0) -> 5 | Y11: =IFERROR(__xludf.DUMMYFUNCTION("""COMPUTED_VALUE"""),0.0) -> 0 | Z11: =IFERROR(__xludf.DUMMYFUNCTION("""COMPUTED_VALUE"""),2.0) -> 2 | AA11: =IFERROR(__xludf.DUMMYFUNCTION("""COMPUTED_VALUE"""),0.0) -> 0 | AB11: =IFERROR(__xludf.DUMMYFUNCTION("""COMPUTED_VALUE"""),14.0) -> 14 | AC11: =IFERROR(__xludf.DUMMYFUNCTION("""COMPUTED_VALUE"""),24.0) -> 24 | AD11: =IFERROR(__xludf.DUMMYFUNCTION("""COMPUTED_VALUE"""),0.0) -> 0 | AE11: =IFERROR(__xludf.DUMMYFUNCTION("""COMPUTED_VALUE"""),15.0) -> 15 | AF11: =IFERROR(__xludf.DUMMYFUNCTION("""COMPUTED_VALUE"""),0.0) -> 0 | AG11: =IFERROR(__xludf.DUMMYFUNCTION("""COMPUTED_VALUE"""),368.0) -> 368 | AH11: =IFERROR(__xludf.DUMMYFUNCTION("""COMPUTED_VALUE"""),12.0) -> 12 | AI11: =IFERROR(__xludf.DUMMYFUNCTION("""COMPUTED_VALUE"""),"Caution – High Oxidation / Elevated Particle Count") -> Caution – High Oxidation / Elevated Particle Count | AJ11: =IFERROR(__xludf.DUMMYFUNCTION("""COMPUTED_VALUE"""),"Oxidation 6 Ab/cm (high). ISO 23/21/17. Particle count 63852 @4µm. Cu 8 ppm, Cr 3 ppm, Al 6 ppm. TAN implied elevated. Monitor closely. Consider oil change if oxidation continues to rise.") -> Oxidation 6 Ab/cm (high). ISO 23/21/17. Particle count 63852 @4µm. Cu 8 ppm, Cr 3 ppm, Al 6 ppm. TAN implied elevated. Monitor closely. Consider oil change if oxidation continues to rise.
A12: =IFERROR(__xludf.DUMMYFUNCTION("""COMPUTED_VALUE"""),"321.LQ145(GB)") -> 321.LQ145(GB) | B12: =IFERROR(__xludf.DUMMYFUNCTION("""COMPUTED_VALUE"""),"Gear lubrication Gear Box") -> Gear lubrication Gear Box | C12: =IFERROR(__xludf.DUMMYFUNCTION("""COMPUTED_VALUE"""),2.2022220506E10) -> 22022220506 | D12: =IFERROR(__xludf.DUMMYFUNCTION("""COMPUTED_VALUE"""),44578.0) -> 44578 | E12: =IFERROR(__xludf.DUMMYFUNCTION("""COMPUTED_VALUE"""),"Normal") -> Normal | F12: =IFERROR(__xludf.DUMMYFUNCTION("""COMPUTED_VALUE"""),"Normal") -> Normal | G12: =IFERROR(__xludf.DUMMYFUNCTION("""COMPUTED_VALUE"""),"Normal") -> Normal | H12: =IFERROR(__xludf.DUMMYFUNCTION("""COMPUTED_VALUE"""),"Normal") -> Normal | I12: =IFERROR(__xludf.DUMMYFUNCTION("""COMPUTED_VALUE"""),79635.0) -> 79635 | J12: =IFERROR(__xludf.DUMMYFUNCTION("""COMPUTED_VALUE"""),6135.0) -> 6135 | K12: =IFERROR(__xludf.DUMMYFUNCTION("""COMPUTED_VALUE"""),1184.0) -> 1184 | L12: =IFERROR(__xludf.DUMMYFUNCTION("""COMPUTED_VALUE"""),8.0) -> 8 | M12: =IFERROR(__xludf.DUMMYFUNCTION("""COMPUTED_VALUE"""),306.0) -> 306 | O12: =IFERROR(__xludf.DUMMYFUNCTION("""COMPUTED_VALUE"""),0.0) -> 0 | P12: =IFERROR(__xludf.DUMMYFUNCTION("""COMPUTED_VALUE"""),0.02) -> 0.02 | Q12: =IFERROR(__xludf.DUMMYFUNCTION("""COMPUTED_VALUE"""),0.0) -> 0 | R12: =IFERROR(__xludf.DUMMYFUNCTION("""COMPUTED_VALUE"""),0.0) -> 0 | S12: =IFERROR(__xludf.DUMMYFUNCTION("""COMPUTED_VALUE"""),0.0) -> 0 | T12: =IFERROR(__xludf.DUMMYFUNCTION("""COMPUTED_VALUE"""),5.0) -> 5 | U12: =IFERROR(__xludf.DUMMYFUNCTION("""COMPUTED_VALUE"""),16.0) -> 16 | V12: =IFERROR(__xludf.DUMMYFUNCTION("""COMPUTED_VALUE"""),0.0) -> 0 | W12: =IFERROR(__xludf.DUMMYFUNCTION("""COMPUTED_VALUE"""),0.0) -> 0 | X12: =IFERROR(__xludf.DUMMYFUNCTION("""COMPUTED_VALUE"""),0.0) -> 0 | Y12: =IFERROR(__xludf.DUMMYFUNCTION("""COMPUTED_VALUE"""),0.0) -> 0 | Z12: =IFERROR(__xludf.DUMMYFUNCTION("""COMPUTED_VALUE"""),2.0) -> 2 | AA12: =IFERROR(__xludf.DUMMYFUNCTION("""COMPUTED_VALUE"""),0.0) -> 0 | AB12: =IFERROR(__xludf.DUMMYFUNCTION("""COMPUTED_VALUE"""),11.0) -> 11 | AC12: =IFERROR(__xludf.DUMMYFUNCTION("""COMPUTED_VALUE"""),22.0) -> 22 | AD12: =IFERROR(__xludf.DUMMYFUNCTION("""COMPUTED_VALUE"""),0.0) -> 0 | AE12: =IFERROR(__xludf.DUMMYFUNCTION("""COMPUTED_VALUE"""),10.0) -> 10 | AF12: =IFERROR(__xludf.DUMMYFUNCTION("""COMPUTED_VALUE"""),1.0) -> 1 | AG12: =IFERROR(__xludf.DUMMYFUNCTION("""COMPUTED_VALUE"""),422.0) -> 422 | AH12: =IFERROR(__xludf.DUMMYFUNCTION("""COMPUTED_VALUE"""),0.0) -> 0 | AI12: =IFERROR(__xludf.DUMMYFUNCTION("""COMPUTED_VALUE"""),"Normal - No Action Required") -> Normal - No Action Required | AJ12: =IFERROR(__xludf.DUMMYFUNCTION("""COMPUTED_VALUE"""),"Continue routine monitoring and sampling schedule") -> Continue routine monitoring and sampling schedule
A13: =IFERROR(__xludf.DUMMYFUNCTION("""COMPUTED_VALUE"""),"R2.322.LQ145 (GB)") -> R2.322.LQ145 (GB) | B13: =IFERROR(__xludf.DUMMYFUNCTION("""COMPUTED_VALUE"""),"Mill2 gear Box") -> Mill2 gear Box | C13: =IFERROR(__xludf.DUMMYFUNCTION("""COMPUTED_VALUE"""),2.2116260209E10) -> 22116260209 | D13: =IFERROR(__xludf.DUMMYFUNCTION("""COMPUTED_VALUE"""),44671.0) -> 44671 | E13: =IFERROR(__xludf.DUMMYFUNCTION("""COMPUTED_VALUE"""),"Alert") -> Alert | F13: =IFERROR(__xludf.DUMMYFUNCTION("""COMPUTED_VALUE"""),"Caution") -> Caution | G13: =IFERROR(__xludf.DUMMYFUNCTION("""COMPUTED_VALUE"""),"Alert") -> Alert | H13: =IFERROR(__xludf.DUMMYFUNCTION("""COMPUTED_VALUE"""),"Normal") -> Normal | I13: =IFERROR(__xludf.DUMMYFUNCTION("""COMPUTED_VALUE"""),51134.0) -> 51134 | J13: =IFERROR(__xludf.DUMMYFUNCTION("""COMPUTED_VALUE"""),13264.0) -> 13264 | K13: =IFERROR(__xludf.DUMMYFUNCTION("""COMPUTED_VALUE"""),263.0) -> 263 | L13: =IFERROR(__xludf.DUMMYFUNCTION("""COMPUTED_VALUE"""),18.0) -> 18 | M13: =IFERROR(__xludf.DUMMYFUNCTION("""COMPUTED_VALUE"""),321.9) -> 321.9 | O13: =IFERROR(__xludf.DUMMYFUNCTION("""COMPUTED_VALUE"""),3.0) -> 3 | P13: =IFERROR(__xludf.DUMMYFUNCTION("""COMPUTED_VALUE"""),0.03) -> 0.03 | Q13: =IFERROR(__xludf.DUMMYFUNCTION("""COMPUTED_VALUE"""),0.0) -> 0 | R13: =IFERROR(__xludf.DUMMYFUNCTION("""COMPUTED_VALUE"""),2.0) -> 2 | S13: =IFERROR(__xludf.DUMMYFUNCTION("""COMPUTED_VALUE"""),0.0) -> 0 | T13: =IFERROR(__xludf.DUMMYFUNCTION("""COMPUTED_VALUE"""),2.0) -> 2 | U13: =IFERROR(__xludf.DUMMYFUNCTION("""COMPUTED_VALUE"""),57.0) -> 57 | V13: =IFERROR(__xludf.DUMMYFUNCTION("""COMPUTED_VALUE"""),0.0) -> 0 | W13: =IFERROR(__xludf.DUMMYFUNCTION("""COMPUTED_VALUE"""),0.0) -> 0 | X13: =IFERROR(__xludf.DUMMYFUNCTION("""COMPUTED_VALUE"""),0.0) -> 0 | Y13: =IFERROR(__xludf.DUMMYFUNCTION("""COMPUTED_VALUE"""),0.0) -> 0 | Z13: =IFERROR(__xludf.DUMMYFUNCTION("""COMPUTED_VALUE"""),0.0) -> 0 | AA13: =IFERROR(__xludf.DUMMYFUNCTION("""COMPUTED_VALUE"""),0.0) -> 0 | AB13: =IFERROR(__xludf.DUMMYFUNCTION("""COMPUTED_VALUE"""),2.0) -> 2 | AC13: =IFERROR(__xludf.DUMMYFUNCTION("""COMPUTED_VALUE"""),10.0) -> 10 | AD13: =IFERROR(__xludf.DUMMYFUNCTION("""COMPUTED_VALUE"""),0.0) -> 0 | AE13: =IFERROR(__xludf.DUMMYFUNCTION("""COMPUTED_VALUE"""),1.0) -> 1 | AF13: =IFERROR(__xludf.DUMMYFUNCTION("""COMPUTED_VALUE"""),0.0) -> 0 | AG13: =IFERROR(__xludf.DUMMYFUNCTION("""COMPUTED_VALUE"""),434.0) -> 434 | AH13: =IFERROR(__xludf.DUMMYFUNCTION("""COMPUTED_VALUE"""),32.0) -> 32 | AI13: =IFERROR(__xludf.DUMMYFUNCTION("""COMPUTED_VALUE"""),"Alert – Critical Fe / Oxidation") -> Alert – Critical Fe / Oxidation | AJ13: =IFERROR(__xludf.DUMMYFUNCTION("""COMPUTED_VALUE"""),"ACTION REQUIRED – Fe 57 ppm (critical), oxidation 3 Ab/cm. ISO 23/21/15. Particle count 51134 @4µm. Inspect equipment for wear damage. Change oil immediately. Identify source of Fe contamination.") -> ACTION REQUIRED – Fe 57 ppm (critical), oxidation 3 Ab/cm. ISO 23/21/15. Particle count 51134 @4µm. Inspect equipment for wear damage. Change oil immediately. Identify source of Fe contamination.
A14: =IFERROR(__xludf.DUMMYFUNCTION("""COMPUTED_VALUE"""),"R2.322.LQ145 (GB)") -> R2.322.LQ145 (GB) | B14: =IFERROR(__xludf.DUMMYFUNCTION("""COMPUTED_VALUE"""),"Mill2 gear Box") -> Mill2 gear Box | C14: =IFERROR(__xludf.DUMMYFUNCTION("""COMPUTED_VALUE"""),2.2210297228E10) -> 22210297228 | D14: =IFERROR(__xludf.DUMMYFUNCTION("""COMPUTED_VALUE"""),44762.0) -> 44762 | E14: =IFERROR(__xludf.DUMMYFUNCTION("""COMPUTED_VALUE"""),"Caution") -> Caution | F14: =IFERROR(__xludf.DUMMYFUNCTION("""COMPUTED_VALUE"""),"Caution") -> Caution | G14: =IFERROR(__xludf.DUMMYFUNCTION("""COMPUTED_VALUE"""),"Normal") -> Normal | H14: =IFERROR(__xludf.DUMMYFUNCTION("""COMPUTED_VALUE"""),"Normal") -> Normal | L14: =IFERROR(__xludf.DUMMYFUNCTION("""COMPUTED_VALUE"""),6.0) -> 6 | M14: =IFERROR(__xludf.DUMMYFUNCTION("""COMPUTED_VALUE"""),297.6) -> 297.6 | O14: =IFERROR(__xludf.DUMMYFUNCTION("""COMPUTED_VALUE"""),2.0) -> 2 | P14: =IFERROR(__xludf.DUMMYFUNCTION("""COMPUTED_VALUE"""),0.05) -> 0.05 | Q14: =IFERROR(__xludf.DUMMYFUNCTION("""COMPUTED_VALUE"""),0.0) -> 0 | R14: =IFERROR(__xludf.DUMMYFUNCTION("""COMPUTED_VALUE"""),0.0) -> 0 | S14: =IFERROR(__xludf.DUMMYFUNCTION("""COMPUTED_VALUE"""),0.0) -> 0 | T14: =IFERROR(__xludf.DUMMYFUNCTION("""COMPUTED_VALUE"""),0.0) -> 0 | U14: =IFERROR(__xludf.DUMMYFUNCTION("""COMPUTED_VALUE"""),30.0) -> 30 | V14: =IFERROR(__xludf.DUMMYFUNCTION("""COMPUTED_VALUE"""),0.0) -> 0 | W14: =IFERROR(__xludf.DUMMYFUNCTION("""COMPUTED_VALUE"""),0.0) -> 0 | X14: =IFERROR(__xludf.DUMMYFUNCTION("""COMPUTED_VALUE"""),0.0) -> 0 | Y14: =IFERROR(__xludf.DUMMYFUNCTION("""COMPUTED_VALUE"""),0.0) -> 0 | Z14: =IFERROR(__xludf.DUMMYFUNCTION("""COMPUTED_VALUE"""),0.0) -> 0 | AA14: =IFERROR(__xludf.DUMMYFUNCTION("""COMPUTED_VALUE"""),0.0) -> 0 | AB14: =IFERROR(__xludf.DUMMYFUNCTION("""COMPUTED_VALUE"""),4.0) -> 4 | AC14: =IFERROR(__xludf.DUMMYFUNCTION("""COMPUTED_VALUE"""),0.0) -> 0 | AD14: =IFERROR(__xludf.DUMMYFUNCTION("""COMPUTED_VALUE"""),0.0) -> 0 | AE14: =IFERROR(__xludf.DUMMYFUNCTION("""COMPUTED_VALUE"""),0.0) -> 0 | AF14: =IFERROR(__xludf.DUMMYFUNCTION("""COMPUTED_VALUE"""),2.0) -> 2 | AG14: =IFERROR(__xludf.DUMMYFUNCTION("""COMPUTED_VALUE"""),304.0) -> 304 | AH14: =IFERROR(__xludf.DUMMYFUNCTION("""COMPUTED_VALUE"""),26.0) -> 26 | AI14: =IFERROR(__xludf.DUMMYFUNCTION("""COMPUTED_VALUE"""),"General Caution") -> General Caution | AJ14: =IFERROR(__xludf.DUMMYFUNCTION("""COMPUTED_VALUE"""),"Oxidation increasing - monitor and plan oil change") -> Oxidation increasing - monitor and plan oil change
A15: =IFERROR(__xludf.DUMMYFUNCTION("""COMPUTED_VALUE"""),"431.KB101(1)") -> 431.KB101(1) | B15: =IFERROR(__xludf.DUMMYFUNCTION("""COMPUTED_VALUE"""),"Kiln Bearing") -> Kiln Bearing | C15: =IFERROR(__xludf.DUMMYFUNCTION("""COMPUTED_VALUE"""),2.2361270267E10) -> 22361270267 | D15: =IFERROR(__xludf.DUMMYFUNCTION("""COMPUTED_VALUE"""),44915.0) -> 44915 | E15: =IFERROR(__xludf.DUMMYFUNCTION("""COMPUTED_VALUE"""),"Alert") -> Alert | F15: =IFERROR(__xludf.DUMMYFUNCTION("""COMPUTED_VALUE"""),"Alert") -> Alert | G15: =IFERROR(__xludf.DUMMYFUNCTION("""COMPUTED_VALUE"""),"Alert") -> Alert | H15: =IFERROR(__xludf.DUMMYFUNCTION("""COMPUTED_VALUE"""),"Alert") -> Alert | L15: =IFERROR(__xludf.DUMMYFUNCTION("""COMPUTED_VALUE"""),152.0) -> 152 | M15: =IFERROR(__xludf.DUMMYFUNCTION("""COMPUTED_VALUE"""),57.9) -> 57.9 | O15: =IFERROR(__xludf.DUMMYFUNCTION("""COMPUTED_VALUE"""),0.0) -> 0 | Q15: =IFERROR(__xludf.DUMMYFUNCTION("""COMPUTED_VALUE"""),0.0) -> 0 | R15: =IFERROR(__xludf.DUMMYFUNCTION("""COMPUTED_VALUE"""),3.0) -> 3 | S15: =IFERROR(__xludf.DUMMYFUNCTION("""COMPUTED_VALUE"""),0.0) -> 0 | T15: =IFERROR(__xludf.DUMMYFUNCTION("""COMPUTED_VALUE"""),323.0) -> 323 | U15: =IFERROR(__xludf.DUMMYFUNCTION("""COMPUTED_VALUE"""),145.0) -> 145 | V15: =IFERROR(__xludf.DUMMYFUNCTION("""COMPUTED_VALUE"""),0.0) -> 0 | W15: =IFERROR(__xludf.DUMMYFUNCTION("""COMPUTED_VALUE"""),0.0) -> 0 | X15: =IFERROR(__xludf.DUMMYFUNCTION("""COMPUTED_VALUE"""),6.0) -> 6 | Y15: =IFERROR(__xludf.DUMMYFUNCTION("""COMPUTED_VALUE"""),38.0) -> 38 | Z15: =IFERROR(__xludf.DUMMYFUNCTION("""COMPUTED_VALUE"""),3.0) -> 3 | AA15: =IFERROR(__xludf.DUMMYFUNCTION("""COMPUTED_VALUE"""),2.0) -> 2 | AB15: =IFERROR(__xludf.DUMMYFUNCTION("""COMPUTED_VALUE"""),29.0) -> 29 | AC15: =IFERROR(__xludf.DUMMYFUNCTION("""COMPUTED_VALUE"""),14.0) -> 14 | AD15: =IFERROR(__xludf.DUMMYFUNCTION("""COMPUTED_VALUE"""),0.0) -> 0 | AE15: =IFERROR(__xludf.DUMMYFUNCTION("""COMPUTED_VALUE"""),67.0) -> 67 | AF15: =IFERROR(__xludf.DUMMYFUNCTION("""COMPUTED_VALUE"""),3.0) -> 3 | AG15: =IFERROR(__xludf.DUMMYFUNCTION("""COMPUTED_VALUE"""),282.0) -> 282 | AH15: =IFERROR(__xludf.DUMMYFUNCTION("""COMPUTED_VALUE"""),3.0) -> 3 | AI15: =IFERROR(__xludf.DUMMYFUNCTION("""COMPUTED_VALUE"""),"Wear Metal Alert | High Particle Count") -> Wear Metal Alert | High Particle Count | AJ15: =IFERROR(__xludf.DUMMYFUNCTION("""COMPUTED_VALUE"""),"URGENT: Inspect equipment immediately for wear/damage; Critical wear metals detected - schedule immediate inspection; High wear metals - inspect bearing/gear surfaces; Critical particle count - flush system and replace filters") -> URGENT: Inspect equipment immediately for wear/damage; Critical wear metals detected - schedule immediate inspection; High wear metals - inspect bearing/gear surfaces; Critical particle count - flush system and replace filters
A16: =IFERROR(__xludf.DUMMYFUNCTION("""COMPUTED_VALUE"""),"431.KB101(2)") -> 431.KB101(2) | B16: =IFERROR(__xludf.DUMMYFUNCTION("""COMPUTED_VALUE"""),"Kiln Bearing") -> Kiln Bearing | C16: =IFERROR(__xludf.DUMMYFUNCTION("""COMPUTED_VALUE"""),2.2361270263E10) -> 22361270263 | D16: =IFERROR(__xludf.DUMMYFUNCTION("""COMPUTED_VALUE"""),44915.0) -> 44915 | E16: =IFERROR(__xludf.DUMMYFUNCTION("""COMPUTED_VALUE"""),"Alert") -> Alert | F16: =IFERROR(__xludf.DUMMYFUNCTION("""COMPUTED_VALUE"""),"Alert") -> Alert | G16: =IFERROR(__xludf.DUMMYFUNCTION("""COMPUTED_VALUE"""),"Alert") -> Alert | H16: =IFERROR(__xludf.DUMMYFUNCTION("""COMPUTED_VALUE"""),"Alert") -> Alert | L16: =IFERROR(__xludf.DUMMYFUNCTION("""COMPUTED_VALUE"""),142.0) -> 142 | M16: =IFERROR(__xludf.DUMMYFUNCTION("""COMPUTED_VALUE"""),57.3) -> 57.3 | O16: =IFERROR(__xludf.DUMMYFUNCTION("""COMPUTED_VALUE"""),1.0) -> 1 | Q16: =IFERROR(__xludf.DUMMYFUNCTION("""COMPUTED_VALUE"""),0.0) -> 0 | R16: =IFERROR(__xludf.DUMMYFUNCTION("""COMPUTED_VALUE"""),5.0) -> 5 | S16: =IFERROR(__xludf.DUMMYFUNCTION("""COMPUTED_VALUE"""),0.0) -> 0 | T16: =IFERROR(__xludf.DUMMYFUNCTION("""COMPUTED_VALUE"""),72.0) -> 72 | U16: =IFERROR(__xludf.DUMMYFUNCTION("""COMPUTED_VALUE"""),126.0) -> 126 | V16: =IFERROR(__xludf.DUMMYFUNCTION("""COMPUTED_VALUE"""),0.0) -> 0 | W16: =IFERROR(__xludf.DUMMYFUNCTION("""COMPUTED_VALUE"""),0.0) -> 0 | X16: =IFERROR(__xludf.DUMMYFUNCTION("""COMPUTED_VALUE"""),2.0) -> 2 | Y16: =IFERROR(__xludf.DUMMYFUNCTION("""COMPUTED_VALUE"""),0.0) -> 0 | Z16: =IFERROR(__xludf.DUMMYFUNCTION("""COMPUTED_VALUE"""),4.0) -> 4 | AA16: =IFERROR(__xludf.DUMMYFUNCTION("""COMPUTED_VALUE"""),2.0) -> 2 | AB16: =IFERROR(__xludf.DUMMYFUNCTION("""COMPUTED_VALUE"""),22.0) -> 22 | AC16: =IFERROR(__xludf.DUMMYFUNCTION("""COMPUTED_VALUE"""),13.0) -> 13 | AD16: =IFERROR(__xludf.DUMMYFUNCTION("""COMPUTED_VALUE"""),0.0) -> 0 | AE16: =IFERROR(__xludf.DUMMYFUNCTION("""COMPUTED_VALUE"""),102.0) -> 102 | AF16: =IFERROR(__xludf.DUMMYFUNCTION("""COMPUTED_VALUE"""),5.0) -> 5 | AG16: =IFERROR(__xludf.DUMMYFUNCTION("""COMPUTED_VALUE"""),246.0) -> 246 | AH16: =IFERROR(__xludf.DUMMYFUNCTION("""COMPUTED_VALUE"""),3.0) -> 3 | AI16: =IFERROR(__xludf.DUMMYFUNCTION("""COMPUTED_VALUE"""),"Wear Metal Alert | High Particle Count") -> Wear Metal Alert | High Particle Count | AJ16: =IFERROR(__xludf.DUMMYFUNCTION("""COMPUTED_VALUE"""),"URGENT: Inspect equipment immediately for wear/damage; High wear metals - inspect bearing/gear surfaces; High particle count - replace filters and resample") -> URGENT: Inspect equipment immediately for wear/damage; High wear metals - inspect bearing/gear surfaces; High particle count - replace filters and resample
A17: =IFERROR(__xludf.DUMMYFUNCTION("""COMPUTED_VALUE"""),"431.KB101(3)") -> 431.KB101(3) | B17: =IFERROR(__xludf.DUMMYFUNCTION("""COMPUTED_VALUE"""),"Kiln Bearing") -> Kiln Bearing | C17: =IFERROR(__xludf.DUMMYFUNCTION("""COMPUTED_VALUE"""),2.2361270257E10) -> 22361270257 | D17: =IFERROR(__xludf.DUMMYFUNCTION("""COMPUTED_VALUE"""),44915.0) -> 44915 | E17: =IFERROR(__xludf.DUMMYFUNCTION("""COMPUTED_VALUE"""),"Alert") -> Alert | F17: =IFERROR(__xludf.DUMMYFUNCTION("""COMPUTED_VALUE"""),"Caution") -> Caution | G17: =IFERROR(__xludf.DUMMYFUNCTION("""COMPUTED_VALUE"""),"Normal") -> Normal | H17: =IFERROR(__xludf.DUMMYFUNCTION("""COMPUTED_VALUE"""),"Alert") -> Alert | L17: =IFERROR(__xludf.DUMMYFUNCTION("""COMPUTED_VALUE"""),42.0) -> 42 | M17: =IFERROR(__xludf.DUMMYFUNCTION("""COMPUTED_VALUE"""),55.7) -> 55.7 | O17: =IFERROR(__xludf.DUMMYFUNCTION("""COMPUTED_VALUE"""),0.0) -> 0 | Q17: =IFERROR(__xludf.DUMMYFUNCTION("""COMPUTED_VALUE"""),0.0) -> 0 | R17: =IFERROR(__xludf.DUMMYFUNCTION("""COMPUTED_VALUE"""),1.0) -> 1 | S17: =IFERROR(__xludf.DUMMYFUNCTION("""COMPUTED_VALUE"""),0.0) -> 0 | T17: =IFERROR(__xludf.DUMMYFUNCTION("""COMPUTED_VALUE"""),22.0) -> 22 | U17: =IFERROR(__xludf.DUMMYFUNCTION("""COMPUTED_VALUE"""),24.0) -> 24 | V17: =IFERROR(__xludf.DUMMYFUNCTION("""COMPUTED_VALUE"""),0.0) -> 0 | W17: =IFERROR(__xludf.DUMMYFUNCTION("""COMPUTED_VALUE"""),0.0) -> 0 | X17: =IFERROR(__xludf.DUMMYFUNCTION("""COMPUTED_VALUE"""),0.0) -> 0 | Y17: =IFERROR(__xludf.DUMMYFUNCTION("""COMPUTED_VALUE"""),0.0) -> 0 | Z17: =IFERROR(__xludf.DUMMYFUNCTION("""COMPUTED_VALUE"""),2.0) -> 2 | AA17: =IFERROR(__xludf.DUMMYFUNCTION("""COMPUTED_VALUE"""),3.0) -> 3 | AB17: =IFERROR(__xludf.DUMMYFUNCTION("""COMPUTED_VALUE"""),6.0) -> 6 | AC17: =IFERROR(__xludf.DUMMYFUNCTION("""COMPUTED_VALUE"""),12.0) -> 12 | AD17: =IFERROR(__xludf.DUMMYFUNCTION("""COMPUTED_VALUE"""),0.0) -> 0 | AE17: =IFERROR(__xludf.DUMMYFUNCTION("""COMPUTED_VALUE"""),16.0) -> 16 | AF17: =IFERROR(__xludf.DUMMYFUNCTION("""COMPUTED_VALUE"""),0.0) -> 0 | AG17: =IFERROR(__xludf.DUMMYFUNCTION("""COMPUTED_VALUE"""),357.0) -> 357 | AH17: =IFERROR(__xludf.DUMMYFUNCTION("""COMPUTED_VALUE"""),2.0) -> 2 | AI17: =IFERROR(__xludf.DUMMYFUNCTION("""COMPUTED_VALUE"""),"General Alert") -> General Alert | AJ17: =IFERROR(__xludf.DUMMYFUNCTION("""COMPUTED_VALUE"""),"Investigate root cause; increase sampling frequency to monthly") -> Investigate root cause; increase sampling frequency to monthly
A18: =IFERROR(__xludf.DUMMYFUNCTION("""COMPUTED_VALUE"""),"431.KB101(4)") -> 431.KB101(4) | B18: =IFERROR(__xludf.DUMMYFUNCTION("""COMPUTED_VALUE"""),"Kiln Bearing") -> Kiln Bearing | C18: =IFERROR(__xludf.DUMMYFUNCTION("""COMPUTED_VALUE"""),2.2361270256E10) -> 22361270256 | D18: =IFERROR(__xludf.DUMMYFUNCTION("""COMPUTED_VALUE"""),44915.0) -> 44915 | E18: =IFERROR(__xludf.DUMMYFUNCTION("""COMPUTED_VALUE"""),"Alert") -> Alert | F18: =IFERROR(__xludf.DUMMYFUNCTION("""COMPUTED_VALUE"""),"Alert") -> Alert | G18: =IFERROR(__xludf.DUMMYFUNCTION("""COMPUTED_VALUE"""),"Alert") -> Alert | H18: =IFERROR(__xludf.DUMMYFUNCTION("""COMPUTED_VALUE"""),"Alert") -> Alert | L18: =IFERROR(__xludf.DUMMYFUNCTION("""COMPUTED_VALUE"""),35.0) -> 35 | M18: =IFERROR(__xludf.DUMMYFUNCTION("""COMPUTED_VALUE"""),58.6) -> 58.6 | O18: =IFERROR(__xludf.DUMMYFUNCTION("""COMPUTED_VALUE"""),0.0) -> 0 | Q18: =IFERROR(__xludf.DUMMYFUNCTION("""COMPUTED_VALUE"""),0.0) -> 0 | R18: =IFERROR(__xludf.DUMMYFUNCTION("""COMPUTED_VALUE"""),1.0) -> 1 | S18: =IFERROR(__xludf.DUMMYFUNCTION("""COMPUTED_VALUE"""),0.0) -> 0 | T18: =IFERROR(__xludf.DUMMYFUNCTION("""COMPUTED_VALUE"""),55.0) -> 55 | U18: =IFERROR(__xludf.DUMMYFUNCTION("""COMPUTED_VALUE"""),32.0) -> 32 | V18: =IFERROR(__xludf.DUMMYFUNCTION("""COMPUTED_VALUE"""),0.0) -> 0 | W18: =IFERROR(__xludf.DUMMYFUNCTION("""COMPUTED_VALUE"""),0.0) -> 0 | X18: =IFERROR(__xludf.DUMMYFUNCTION("""COMPUTED_VALUE"""),0.0) -> 0 | Y18: =IFERROR(__xludf.DUMMYFUNCTION("""COMPUTED_VALUE"""),0.0) -> 0 | Z18: =IFERROR(__xludf.DUMMYFUNCTION("""COMPUTED_VALUE"""),2.0) -> 2 | AA18: =IFERROR(__xludf.DUMMYFUNCTION("""COMPUTED_VALUE"""),10.0) -> 10 | AB18: =IFERROR(__xludf.DUMMYFUNCTION("""COMPUTED_VALUE"""),23.0) -> 23 | AC18: =IFERROR(__xludf.DUMMYFUNCTION("""COMPUTED_VALUE"""),16.0) -> 16 | AD18: =IFERROR(__xludf.DUMMYFUNCTION("""COMPUTED_VALUE"""),0.0) -> 0 | AE18: =IFERROR(__xludf.DUMMYFUNCTION("""COMPUTED_VALUE"""),5.0) -> 5 | AF18: =IFERROR(__xludf.DUMMYFUNCTION("""COMPUTED_VALUE"""),0.0) -> 0 | AG18: =IFERROR(__xludf.DUMMYFUNCTION("""COMPUTED_VALUE"""),390.0) -> 390 | AH18: =IFERROR(__xludf.DUMMYFUNCTION("""COMPUTED_VALUE"""),0.0) -> 0 | AI18: =IFERROR(__xludf.DUMMYFUNCTION("""COMPUTED_VALUE"""),"Wear Metal Alert") -> Wear Metal Alert | AJ18: =IFERROR(__xludf.DUMMYFUNCTION("""COMPUTED_VALUE"""),"URGENT: Inspect equipment immediately for wear/damage") -> URGENT: Inspect equipment immediately for wear/damage
A19: =IFERROR(__xludf.DUMMYFUNCTION("""COMPUTED_VALUE"""),"431.KB102(1)") -> 431.KB102(1) | B19: =IFERROR(__xludf.DUMMYFUNCTION("""COMPUTED_VALUE"""),"Kiln Bearing") -> Kiln Bearing | C19: =IFERROR(__xludf.DUMMYFUNCTION("""COMPUTED_VALUE"""),2.2361270622E10) -> 22361270622 | D19: =IFERROR(__xludf.DUMMYFUNCTION("""COMPUTED_VALUE"""),44915.0) -> 44915 | E19: =IFERROR(__xludf.DUMMYFUNCTION("""COMPUTED_VALUE"""),"Alert") -> Alert | F19: =IFERROR(__xludf.DUMMYFUNCTION("""COMPUTED_VALUE"""),"Alert") -> Alert | G19: =IFERROR(__xludf.DUMMYFUNCTION("""COMPUTED_VALUE"""),"Normal") -> Normal | H19: =IFERROR(__xludf.DUMMYFUNCTION("""COMPUTED_VALUE"""),"Alert") -> Alert | L19: =IFERROR(__xludf.DUMMYFUNCTION("""COMPUTED_VALUE"""),11.0) -> 11 | M19: =IFERROR(__xludf.DUMMYFUNCTION("""COMPUTED_VALUE"""),55.2) -> 55.2 | O19: =IFERROR(__xludf.DUMMYFUNCTION("""COMPUTED_VALUE"""),0.0) -> 0 | Q19: =IFERROR(__xludf.DUMMYFUNCTION("""COMPUTED_VALUE"""),0.0) -> 0 | R19: =IFERROR(__xludf.DUMMYFUNCTION("""COMPUTED_VALUE"""),2.0) -> 2 | S19: =IFERROR(__xludf.DUMMYFUNCTION("""COMPUTED_VALUE"""),0.0) -> 0 | T19: =IFERROR(__xludf.DUMMYFUNCTION("""COMPUTED_VALUE"""),39.0) -> 39 | U19: =IFERROR(__xludf.DUMMYFUNCTION("""COMPUTED_VALUE"""),15.0) -> 15 | V19: =IFERROR(__xludf.DUMMYFUNCTION("""COMPUTED_VALUE"""),0.0) -> 0 | W19: =IFERROR(__xludf.DUMMYFUNCTION("""COMPUTED_VALUE"""),0.0) -> 0 | X19: =IFERROR(__xludf.DUMMYFUNCTION("""COMPUTED_VALUE"""),1.0) -> 1 | Y19: =IFERROR(__xludf.DUMMYFUNCTION("""COMPUTED_VALUE"""),3.0) -> 3 | Z19: =IFERROR(__xludf.DUMMYFUNCTION("""COMPUTED_VALUE"""),0.0) -> 0 | AA19: =IFERROR(__xludf.DUMMYFUNCTION("""COMPUTED_VALUE"""),2.0) -> 2 | AB19: =IFERROR(__xludf.DUMMYFUNCTION("""COMPUTED_VALUE"""),22.0) -> 22 | AC19: =IFERROR(__xludf.DUMMYFUNCTION("""COMPUTED_VALUE"""),13.0) -> 13 | AD19: =IFERROR(__xludf.DUMMYFUNCTION("""COMPUTED_VALUE"""),0.0) -> 0 | AE19: =IFERROR(__xludf.DUMMYFUNCTION("""COMPUTED_VALUE"""),21.0) -> 21 | AF19: =IFERROR(__xludf.DUMMYFUNCTION("""COMPUTED_VALUE"""),1.0) -> 1 | AG19: =IFERROR(__xludf.DUMMYFUNCTION("""COMPUTED_VALUE"""),283.0) -> 283 | AH19: =IFERROR(__xludf.DUMMYFUNCTION("""COMPUTED_VALUE"""),1.0) -> 1 | AI19: =IFERROR(__xludf.DUMMYFUNCTION("""COMPUTED_VALUE"""),"General Alert") -> General Alert | AJ19: =IFERROR(__xludf.DUMMYFUNCTION("""COMPUTED_VALUE"""),"Investigate root cause; increase sampling frequency to monthly") -> Investigate root cause; increase sampling frequency to monthly
A20: =IFERROR(__xludf.DUMMYFUNCTION("""COMPUTED_VALUE"""),"431.KB102(2)") -> 431.KB102(2) | B20: =IFERROR(__xludf.DUMMYFUNCTION("""COMPUTED_VALUE"""),"Kiln Bearing") -> Kiln Bearing | C20: =IFERROR(__xludf.DUMMYFUNCTION("""COMPUTED_VALUE"""),2.2364300232E10) -> 22364300232 | D20: =IFERROR(__xludf.DUMMYFUNCTION("""COMPUTED_VALUE"""),44915.0) -> 44915 | E20: =IFERROR(__xludf.DUMMYFUNCTION("""COMPUTED_VALUE"""),"Alert") -> Alert | F20: =IFERROR(__xludf.DUMMYFUNCTION("""COMPUTED_VALUE"""),"Alert") -> Alert | G20: =IFERROR(__xludf.DUMMYFUNCTION("""COMPUTED_VALUE"""),"Alert") -> Alert | H20: =IFERROR(__xludf.DUMMYFUNCTION("""COMPUTED_VALUE"""),"Alert") -> Alert | L20: =IFERROR(__xludf.DUMMYFUNCTION("""COMPUTED_VALUE"""),31.0) -> 31 | M20: =IFERROR(__xludf.DUMMYFUNCTION("""COMPUTED_VALUE"""),53.6) -> 53.6 | O20: =IFERROR(__xludf.DUMMYFUNCTION("""COMPUTED_VALUE"""),3.0) -> 3 | Q20: =IFERROR(__xludf.DUMMYFUNCTION("""COMPUTED_VALUE"""),0.0) -> 0 | R20: =IFERROR(__xludf.DUMMYFUNCTION("""COMPUTED_VALUE"""),3.0) -> 3 | S20: =IFERROR(__xludf.DUMMYFUNCTION("""COMPUTED_VALUE"""),0.0) -> 0 | T20: =IFERROR(__xludf.DUMMYFUNCTION("""COMPUTED_VALUE"""),38.0) -> 38 | U20: =IFERROR(__xludf.DUMMYFUNCTION("""COMPUTED_VALUE"""),61.0) -> 61 | V20: =IFERROR(__xludf.DUMMYFUNCTION("""COMPUTED_VALUE"""),2.0) -> 2 | W20: =IFERROR(__xludf.DUMMYFUNCTION("""COMPUTED_VALUE"""),0.0) -> 0 | X20: =IFERROR(__xludf.DUMMYFUNCTION("""COMPUTED_VALUE"""),1.0) -> 1 | Y20: =IFERROR(__xludf.DUMMYFUNCTION("""COMPUTED_VALUE"""),0.0) -> 0 | Z20: =IFERROR(__xludf.DUMMYFUNCTION("""COMPUTED_VALUE"""),6.0) -> 6 | AA20: =IFERROR(__xludf.DUMMYFUNCTION("""COMPUTED_VALUE"""),0.0) -> 0 | AB20: =IFERROR(__xludf.DUMMYFUNCTION("""COMPUTED_VALUE"""),28.0) -> 28 | AC20: =IFERROR(__xludf.DUMMYFUNCTION("""COMPUTED_VALUE"""),28.0) -> 28 | AD20: =IFERROR(__xludf.DUMMYFUNCTION("""COMPUTED_VALUE"""),0.0) -> 0 | AE20: =IFERROR(__xludf.DUMMYFUNCTION("""COMPUTED_VALUE"""),58.0) -> 58 | AF20: =IFERROR(__xludf.DUMMYFUNCTION("""COMPUTED_VALUE"""),2.0) -> 2 | AG20: =IFERROR(__xludf.DUMMYFUNCTION("""COMPUTED_VALUE"""),238.0) -> 238 | AH20: =IFERROR(__xludf.DUMMYFUNCTION("""COMPUTED_VALUE"""),18.0) -> 18 | AI20: =IFERROR(__xludf.DUMMYFUNCTION("""COMPUTED_VALUE"""),"Wear Metal Alert") -> Wear Metal Alert | AJ20: =IFERROR(__xludf.DUMMYFUNCTION("""COMPUTED_VALUE"""),"URGENT: Inspect equipment immediately for wear/damage") -> URGENT: Inspect equipment immediately for wear/damage
A21: =IFERROR(__xludf.DUMMYFUNCTION("""COMPUTED_VALUE"""),"431.KB102(3)") -> 431.KB102(3) | B21: =IFERROR(__xludf.DUMMYFUNCTION("""COMPUTED_VALUE"""),"Kiln Bearing") -> Kiln Bearing | C21: =IFERROR(__xludf.DUMMYFUNCTION("""COMPUTED_VALUE"""),2.2361270254E10) -> 22361270254 | D21: =IFERROR(__xludf.DUMMYFUNCTION("""COMPUTED_VALUE"""),44915.0) -> 44915 | E21: =IFERROR(__xludf.DUMMYFUNCTION("""COMPUTED_VALUE"""),"Alert") -> Alert | F21: =IFERROR(__xludf.DUMMYFUNCTION("""COMPUTED_VALUE"""),"Caution") -> Caution | G21: =IFERROR(__xludf.DUMMYFUNCTION("""COMPUTED_VALUE"""),"Caution") -> Caution | H21: =IFERROR(__xludf.DUMMYFUNCTION("""COMPUTED_VALUE"""),"Alert") -> Alert | L21: =IFERROR(__xludf.DUMMYFUNCTION("""COMPUTED_VALUE"""),30.0) -> 30 | M21: =IFERROR(__xludf.DUMMYFUNCTION("""COMPUTED_VALUE"""),56.4) -> 56.4 | O21: =IFERROR(__xludf.DUMMYFUNCTION("""COMPUTED_VALUE"""),0.0) -> 0 | Q21: =IFERROR(__xludf.DUMMYFUNCTION("""COMPUTED_VALUE"""),0.0) -> 0 | R21: =IFERROR(__xludf.DUMMYFUNCTION("""COMPUTED_VALUE"""),1.0) -> 1 | S21: =IFERROR(__xludf.DUMMYFUNCTION("""COMPUTED_VALUE"""),0.0) -> 0 | T21: =IFERROR(__xludf.DUMMYFUNCTION("""COMPUTED_VALUE"""),19.0) -> 19 | U21: =IFERROR(__xludf.DUMMYFUNCTION("""COMPUTED_VALUE"""),43.0) -> 43 | V21: =IFERROR(__xludf.DUMMYFUNCTION("""COMPUTED_VALUE"""),0.0) -> 0 | W21: =IFERROR(__xludf.DUMMYFUNCTION("""COMPUTED_VALUE"""),0.0) -> 0 | X21: =IFERROR(__xludf.DUMMYFUNCTION("""COMPUTED_VALUE"""),0.0) -> 0 | Y21: =IFERROR(__xludf.DUMMYFUNCTION("""COMPUTED_VALUE"""),0.0) -> 0 | Z21: =IFERROR(__xludf.DUMMYFUNCTION("""COMPUTED_VALUE"""),0.0) -> 0 | AA21: =IFERROR(__xludf.DUMMYFUNCTION("""COMPUTED_VALUE"""),0.0) -> 0 | AB21: =IFERROR(__xludf.DUMMYFUNCTION("""COMPUTED_VALUE"""),13.0) -> 13 | AC21: =IFERROR(__xludf.DUMMYFUNCTION("""COMPUTED_VALUE"""),18.0) -> 18 | AD21: =IFERROR(__xludf.DUMMYFUNCTION("""COMPUTED_VALUE"""),0.0) -> 0 | AE21: =IFERROR(__xludf.DUMMYFUNCTION("""COMPUTED_VALUE"""),15.0) -> 15 | AF21: =IFERROR(__xludf.DUMMYFUNCTION("""COMPUTED_VALUE"""),3.0) -> 3 | AG21: =IFERROR(__xludf.DUMMYFUNCTION("""COMPUTED_VALUE"""),212.0) -> 212 | AH21: =IFERROR(__xludf.DUMMYFUNCTION("""COMPUTED_VALUE"""),2.0) -> 2 | AI21: =IFERROR(__xludf.DUMMYFUNCTION("""COMPUTED_VALUE"""),"General Alert") -> General Alert | AJ21: =IFERROR(__xludf.DUMMYFUNCTION("""COMPUTED_VALUE"""),"Investigate root cause; increase sampling frequency to monthly") -> Investigate root cause; increase sampling frequency to monthly
A22: =IFERROR(__xludf.DUMMYFUNCTION("""COMPUTED_VALUE"""),"431.KB102(4)") -> 431.KB102(4) | B22: =IFERROR(__xludf.DUMMYFUNCTION("""COMPUTED_VALUE"""),"Kiln Bearing") -> Kiln Bearing | C22: =IFERROR(__xludf.DUMMYFUNCTION("""COMPUTED_VALUE"""),2.2361270264E10) -> 22361270264 | D22: =IFERROR(__xludf.DUMMYFUNCTION("""COMPUTED_VALUE"""),44915.0) -> 44915 | E22: =IFERROR(__xludf.DUMMYFUNCTION("""COMPUTED_VALUE"""),"Alert") -> Alert | F22: =IFERROR(__xludf.DUMMYFUNCTION("""COMPUTED_VALUE"""),"Caution") -> Caution | G22: =IFERROR(__xludf.DUMMYFUNCTION("""COMPUTED_VALUE"""),"Normal") -> Normal | H22: =IFERROR(__xludf.DUMMYFUNCTION("""COMPUTED_VALUE"""),"Alert") -> Alert | L22: =IFERROR(__xludf.DUMMYFUNCTION("""COMPUTED_VALUE"""),11.0) -> 11 | M22: =IFERROR(__xludf.DUMMYFUNCTION("""COMPUTED_VALUE"""),54.7) -> 54.7 | O22: =IFERROR(__xludf.DUMMYFUNCTION("""COMPUTED_VALUE"""),0.0) -> 0 | Q22: =IFERROR(__xludf.DUMMYFUNCTION("""COMPUTED_VALUE"""),0.0) -> 0 | R22: =IFERROR(__xludf.DUMMYFUNCTION("""COMPUTED_VALUE"""),2.0) -> 2 | S22: =IFERROR(__xludf.DUMMYFUNCTION("""COMPUTED_VALUE"""),0.0) -> 0 | T22: =IFERROR(__xludf.DUMMYFUNCTION("""COMPUTED_VALUE"""),33.0) -> 33 | U22: =IFERROR(__xludf.DUMMYFUNCTION("""COMPUTED_VALUE"""),14.0) -> 14 | V22: =IFERROR(__xludf.DUMMYFUNCTION("""COMPUTED_VALUE"""),0.0) -> 0 | W22: =IFERROR(__xludf.DUMMYFUNCTION("""COMPUTED_VALUE"""),0.0) -> 0 | X22: =IFERROR(__xludf.DUMMYFUNCTION("""COMPUTED_VALUE"""),0.0) -> 0 | Y22: =IFERROR(__xludf.DUMMYFUNCTION("""COMPUTED_VALUE"""),0.0) -> 0 | Z22: =IFERROR(__xludf.DUMMYFUNCTION("""COMPUTED_VALUE"""),2.0) -> 2 | AA22: =IFERROR(__xludf.DUMMYFUNCTION("""COMPUTED_VALUE"""),2.0) -> 2 | AB22: =IFERROR(__xludf.DUMMYFUNCTION("""COMPUTED_VALUE"""),9.0) -> 9 | AC22: =IFERROR(__xludf.DUMMYFUNCTION("""COMPUTED_VALUE"""),14.0) -> 14 | AD22: =IFERROR(__xludf.DUMMYFUNCTION("""COMPUTED_VALUE"""),0.0) -> 0 | AE22: =IFERROR(__xludf.DUMMYFUNCTION("""COMPUTED_VALUE"""),20.0) -> 20 | AF22: =IFERROR(__xludf.DUMMYFUNCTION("""COMPUTED_VALUE"""),1.0) -> 1 | AG22: =IFERROR(__xludf.DUMMYFUNCTION("""COMPUTED_VALUE"""),239.0) -> 239 | AH22: =IFERROR(__xludf.DUMMYFUNCTION("""COMPUTED_VALUE"""),1.0) -> 1 | AI22: =IFERROR(__xludf.DUMMYFUNCTION("""COMPUTED_VALUE"""),"General Alert") -> General Alert | AJ22: =IFERROR(__xludf.DUMMYFUNCTION("""COMPUTED_VALUE"""),"Investigate root cause; increase sampling frequency to monthly") -> Investigate root cause; increase sampling frequency to monthly
A23: =IFERROR(__xludf.DUMMYFUNCTION("""COMPUTED_VALUE"""),"431.KB103(1)") -> 431.KB103(1) | B23: =IFERROR(__xludf.DUMMYFUNCTION("""COMPUTED_VALUE"""),"Kiln Bearing") -> Kiln Bearing | C23: =IFERROR(__xludf.DUMMYFUNCTION("""COMPUTED_VALUE"""),2.2361270525E10) -> 22361270525 | D23: =IFERROR(__xludf.DUMMYFUNCTION("""COMPUTED_VALUE"""),44915.0) -> 44915 | E23: =IFERROR(__xludf.DUMMYFUNCTION("""COMPUTED_VALUE"""),"Alert") -> Alert | F23: =IFERROR(__xludf.DUMMYFUNCTION("""COMPUTED_VALUE"""),"Alert") -> Alert | G23: =IFERROR(__xludf.DUMMYFUNCTION("""COMPUTED_VALUE"""),"Normal") -> Normal | H23: =IFERROR(__xludf.DUMMYFUNCTION("""COMPUTED_VALUE"""),"Alert") -> Alert | L23: =IFERROR(__xludf.DUMMYFUNCTION("""COMPUTED_VALUE"""),34.0) -> 34 | M23: =IFERROR(__xludf.DUMMYFUNCTION("""COMPUTED_VALUE"""),54.1) -> 54.1 | O23: =IFERROR(__xludf.DUMMYFUNCTION("""COMPUTED_VALUE"""),0.0) -> 0 | Q23: =IFERROR(__xludf.DUMMYFUNCTION("""COMPUTED_VALUE"""),0.0) -> 0 | R23: =IFERROR(__xludf.DUMMYFUNCTION("""COMPUTED_VALUE"""),5.0) -> 5 | S23: =IFERROR(__xludf.DUMMYFUNCTION("""COMPUTED_VALUE"""),0.0) -> 0 | T23: =IFERROR(__xludf.DUMMYFUNCTION("""COMPUTED_VALUE"""),26.0) -> 26 | U23: =IFERROR(__xludf.DUMMYFUNCTION("""COMPUTED_VALUE"""),37.0) -> 37 | V23: =IFERROR(__xludf.DUMMYFUNCTION("""COMPUTED_VALUE"""),9.0) -> 9 | W23: =IFERROR(__xludf.DUMMYFUNCTION("""COMPUTED_VALUE"""),0.0) -> 0 | X23: =IFERROR(__xludf.DUMMYFUNCTION("""COMPUTED_VALUE"""),0.0) -> 0 | Y23: =IFERROR(__xludf.DUMMYFUNCTION("""COMPUTED_VALUE"""),2.0) -> 2 | Z23: =IFERROR(__xludf.DUMMYFUNCTION("""COMPUTED_VALUE"""),0.0) -> 0 | AA23: =IFERROR(__xludf.DUMMYFUNCTION("""COMPUTED_VALUE"""),0.0) -> 0 | AB23: =IFERROR(__xludf.DUMMYFUNCTION("""COMPUTED_VALUE"""),30.0) -> 30 | AC23: =IFERROR(__xludf.DUMMYFUNCTION("""COMPUTED_VALUE"""),22.0) -> 22 | AD23: =IFERROR(__xludf.DUMMYFUNCTION("""COMPUTED_VALUE"""),0.0) -> 0 | AE23: =IFERROR(__xludf.DUMMYFUNCTION("""COMPUTED_VALUE"""),11.0) -> 11 | AF23: =IFERROR(__xludf.DUMMYFUNCTION("""COMPUTED_VALUE"""),0.0) -> 0 | AG23: =IFERROR(__xludf.DUMMYFUNCTION("""COMPUTED_VALUE"""),192.0) -> 192 | AH23: =IFERROR(__xludf.DUMMYFUNCTION("""COMPUTED_VALUE"""),14.0) -> 14 | AI23: =IFERROR(__xludf.DUMMYFUNCTION("""COMPUTED_VALUE"""),"General Alert") -> General Alert | AJ23: =IFERROR(__xludf.DUMMYFUNCTION("""COMPUTED_VALUE"""),"Investigate root cause; increase sampling frequency to monthly") -> Investigate root cause; increase sampling frequency to monthly
A24: =IFERROR(__xludf.DUMMYFUNCTION("""COMPUTED_VALUE"""),"431.KB103(2)") -> 431.KB103(2) | B24: =IFERROR(__xludf.DUMMYFUNCTION("""COMPUTED_VALUE"""),"Kiln Bearing") -> Kiln Bearing | C24: =IFERROR(__xludf.DUMMYFUNCTION("""COMPUTED_VALUE"""),2.2361270255E10) -> 22361270255 | D24: =IFERROR(__xludf.DUMMYFUNCTION("""COMPUTED_VALUE"""),44915.0) -> 44915 | E24: =IFERROR(__xludf.DUMMYFUNCTION("""COMPUTED_VALUE"""),"Alert") -> Alert | F24: =IFERROR(__xludf.DUMMYFUNCTION("""COMPUTED_VALUE"""),"Caution") -> Caution | G24: =IFERROR(__xludf.DUMMYFUNCTION("""COMPUTED_VALUE"""),"Alert") -> Alert | H24: =IFERROR(__xludf.DUMMYFUNCTION("""COMPUTED_VALUE"""),"Alert") -> Alert | L24: =IFERROR(__xludf.DUMMYFUNCTION("""COMPUTED_VALUE"""),34.0) -> 34 | M24: =IFERROR(__xludf.DUMMYFUNCTION("""COMPUTED_VALUE"""),57.0) -> 57 | O24: =IFERROR(__xludf.DUMMYFUNCTION("""COMPUTED_VALUE"""),0.0) -> 0 | Q24: =IFERROR(__xludf.DUMMYFUNCTION("""COMPUTED_VALUE"""),0.0) -> 0 | R24: =IFERROR(__xludf.DUMMYFUNCTION("""COMPUTED_VALUE"""),1.0) -> 1 | S24: =IFERROR(__xludf.DUMMYFUNCTION("""COMPUTED_VALUE"""),0.0) -> 0 | T24: =IFERROR(__xludf.DUMMYFUNCTION("""COMPUTED_VALUE"""),3.0) -> 3 | U24: =IFERROR(__xludf.DUMMYFUNCTION("""COMPUTED_VALUE"""),63.0) -> 63 | V24: =IFERROR(__xludf.DUMMYFUNCTION("""COMPUTED_VALUE"""),1.0) -> 1 | W24: =IFERROR(__xludf.DUMMYFUNCTION("""COMPUTED_VALUE"""),0.0) -> 0 | X24: =IFERROR(__xludf.DUMMYFUNCTION("""COMPUTED_VALUE"""),0.0) -> 0 | Y24: =IFERROR(__xludf.DUMMYFUNCTION("""COMPUTED_VALUE"""),0.0) -> 0 | Z24: =IFERROR(__xludf.DUMMYFUNCTION("""COMPUTED_VALUE"""),0.0) -> 0 | AA24: =IFERROR(__xludf.DUMMYFUNCTION("""COMPUTED_VALUE"""),0.0) -> 0 | AB24: =IFERROR(__xludf.DUMMYFUNCTION("""COMPUTED_VALUE"""),7.0) -> 7 | AC24: =IFERROR(__xludf.DUMMYFUNCTION("""COMPUTED_VALUE"""),13.0) -> 13 | AD24: =IFERROR(__xludf.DUMMYFUNCTION("""COMPUTED_VALUE"""),0.0) -> 0 | AE24: =IFERROR(__xludf.DUMMYFUNCTION("""COMPUTED_VALUE"""),7.0) -> 7 | AF24: =IFERROR(__xludf.DUMMYFUNCTION("""COMPUTED_VALUE"""),1.0) -> 1 | AG24: =IFERROR(__xludf.DUMMYFUNCTION("""COMPUTED_VALUE"""),266.0) -> 266 | AH24: =IFERROR(__xludf.DUMMYFUNCTION("""COMPUTED_VALUE"""),2.0) -> 2 | AI24: =IFERROR(__xludf.DUMMYFUNCTION("""COMPUTED_VALUE"""),"Wear Metal Alert") -> Wear Metal Alert | AJ24: =IFERROR(__xludf.DUMMYFUNCTION("""COMPUTED_VALUE"""),"URGENT: Inspect equipment immediately for wear/damage") -> URGENT: Inspect equipment immediately for wear/damage
A25: =IFERROR(__xludf.DUMMYFUNCTION("""COMPUTED_VALUE"""),"431.KB103(3)") -> 431.KB103(3) | B25: =IFERROR(__xludf.DUMMYFUNCTION("""COMPUTED_VALUE"""),"Kiln Bearing") -> Kiln Bearing | C25: =IFERROR(__xludf.DUMMYFUNCTION("""COMPUTED_VALUE"""),2.236430022E10) -> 22364300220 | D25: =IFERROR(__xludf.DUMMYFUNCTION("""COMPUTED_VALUE"""),44915.0) -> 44915 | E25: =IFERROR(__xludf.DUMMYFUNCTION("""COMPUTED_VALUE"""),"Alert") -> Alert | F25: =IFERROR(__xludf.DUMMYFUNCTION("""COMPUTED_VALUE"""),"Caution") -> Caution | G25: =IFERROR(__xludf.DUMMYFUNCTION("""COMPUTED_VALUE"""),"Caution") -> Caution | H25: =IFERROR(__xludf.DUMMYFUNCTION("""COMPUTED_VALUE"""),"Alert") -> Alert | L25: =IFERROR(__xludf.DUMMYFUNCTION("""COMPUTED_VALUE"""),32.0) -> 32 | M25: =IFERROR(__xludf.DUMMYFUNCTION("""COMPUTED_VALUE"""),52.3) -> 52.3 | O25: =IFERROR(__xludf.DUMMYFUNCTION("""COMPUTED_VALUE"""),0.0) -> 0 | Q25: =IFERROR(__xludf.DUMMYFUNCTION("""COMPUTED_VALUE"""),0.0) -> 0 | R25: =IFERROR(__xludf.DUMMYFUNCTION("""COMPUTED_VALUE"""),6.0) -> 6 | S25: =IFERROR(__xludf.DUMMYFUNCTION("""COMPUTED_VALUE"""),0.0) -> 0 | T25: =IFERROR(__xludf.DUMMYFUNCTION("""COMPUTED_VALUE"""),21.0) -> 21 | U25: =IFERROR(__xludf.DUMMYFUNCTION("""COMPUTED_VALUE"""),40.0) -> 40 | V25: =IFERROR(__xludf.DUMMYFUNCTION("""COMPUTED_VALUE"""),0.0) -> 0 | W25: =IFERROR(__xludf.DUMMYFUNCTION("""COMPUTED_VALUE"""),0.0) -> 0 | X25: =IFERROR(__xludf.DUMMYFUNCTION("""COMPUTED_VALUE"""),6.0) -> 6 | Y25: =IFERROR(__xludf.DUMMYFUNCTION("""COMPUTED_VALUE"""),0.0) -> 0 | Z25: =IFERROR(__xludf.DUMMYFUNCTION("""COMPUTED_VALUE"""),6.0) -> 6 | AA25: =IFERROR(__xludf.DUMMYFUNCTION("""COMPUTED_VALUE"""),4.0) -> 4 | AB25: =IFERROR(__xludf.DUMMYFUNCTION("""COMPUTED_VALUE"""),19.0) -> 19 | AC25: =IFERROR(__xludf.DUMMYFUNCTION("""COMPUTED_VALUE"""),33.0) -> 33 | AD25: =IFERROR(__xludf.DUMMYFUNCTION("""COMPUTED_VALUE"""),0.0) -> 0 | AE25: =IFERROR(__xludf.DUMMYFUNCTION("""COMPUTED_VALUE"""),42.0) -> 42 | AF25: =IFERROR(__xludf.DUMMYFUNCTION("""COMPUTED_VALUE"""),3.0) -> 3 | AG25: =IFERROR(__xludf.DUMMYFUNCTION("""COMPUTED_VALUE"""),371.0) -> 371 | AH25: =IFERROR(__xludf.DUMMYFUNCTION("""COMPUTED_VALUE"""),6.0) -> 6 | AI25: =IFERROR(__xludf.DUMMYFUNCTION("""COMPUTED_VALUE"""),"General Alert") -> General Alert | AJ25: =IFERROR(__xludf.DUMMYFUNCTION("""COMPUTED_VALUE"""),"Investigate root cause; increase sampling frequency to monthly") -> Investigate root cause; increase sampling frequency to monthly
A26: =IFERROR(__xludf.DUMMYFUNCTION("""COMPUTED_VALUE"""),"431.KB103(4)") -> 431.KB103(4) | B26: =IFERROR(__xludf.DUMMYFUNCTION("""COMPUTED_VALUE"""),"Kiln Bearing") -> Kiln Bearing | C26: =IFERROR(__xludf.DUMMYFUNCTION("""COMPUTED_VALUE"""),2.2364300222E10) -> 22364300222 | D26: =IFERROR(__xludf.DUMMYFUNCTION("""COMPUTED_VALUE"""),44915.0) -> 44915 | E26: =IFERROR(__xludf.DUMMYFUNCTION("""COMPUTED_VALUE"""),"Alert") -> Alert | F26: =IFERROR(__xludf.DUMMYFUNCTION("""COMPUTED_VALUE"""),"Alert") -> Alert | G26: =IFERROR(__xludf.DUMMYFUNCTION("""COMPUTED_VALUE"""),"Caution") -> Caution | H26: =IFERROR(__xludf.DUMMYFUNCTION("""COMPUTED_VALUE"""),"Alert") -> Alert | L26: =IFERROR(__xludf.DUMMYFUNCTION("""COMPUTED_VALUE"""),41.0) -> 41 | M26: =IFERROR(__xludf.DUMMYFUNCTION("""COMPUTED_VALUE"""),55.3) -> 55.3 | O26: =IFERROR(__xludf.DUMMYFUNCTION("""COMPUTED_VALUE"""),0.0) -> 0 | Q26: =IFERROR(__xludf.DUMMYFUNCTION("""COMPUTED_VALUE"""),0.0) -> 0 | R26: =IFERROR(__xludf.DUMMYFUNCTION("""COMPUTED_VALUE"""),6.0) -> 6 | S26: =IFERROR(__xludf.DUMMYFUNCTION("""COMPUTED_VALUE"""),0.0) -> 0 | T26: =IFERROR(__xludf.DUMMYFUNCTION("""COMPUTED_VALUE"""),41.0) -> 41 | U26: =IFERROR(__xludf.DUMMYFUNCTION("""COMPUTED_VALUE"""),36.0) -> 36 | V26: =IFERROR(__xludf.DUMMYFUNCTION("""COMPUTED_VALUE"""),0.0) -> 0 | W26: =IFERROR(__xludf.DUMMYFUNCTION("""COMPUTED_VALUE"""),0.0) -> 0 | X26: =IFERROR(__xludf.DUMMYFUNCTION("""COMPUTED_VALUE"""),6.0) -> 6 | Y26: =IFERROR(__xludf.DUMMYFUNCTION("""COMPUTED_VALUE"""),9.0) -> 9 | Z26: =IFERROR(__xludf.DUMMYFUNCTION("""COMPUTED_VALUE"""),0.0) -> 0 | AA26: =IFERROR(__xludf.DUMMYFUNCTION("""COMPUTED_VALUE"""),2.0) -> 2 | AB26: =IFERROR(__xludf.DUMMYFUNCTION("""COMPUTED_VALUE"""),28.0) -> 28 | AC26: =IFERROR(__xludf.DUMMYFUNCTION("""COMPUTED_VALUE"""),30.0) -> 30 | AD26: =IFERROR(__xludf.DUMMYFUNCTION("""COMPUTED_VALUE"""),0.0) -> 0 | AE26: =IFERROR(__xludf.DUMMYFUNCTION("""COMPUTED_VALUE"""),31.0) -> 31 | AF26: =IFERROR(__xludf.DUMMYFUNCTION("""COMPUTED_VALUE"""),1.0) -> 1 | AG26: =IFERROR(__xludf.DUMMYFUNCTION("""COMPUTED_VALUE"""),365.0) -> 365 | AH26: =IFERROR(__xludf.DUMMYFUNCTION("""COMPUTED_VALUE"""),7.0) -> 7 | AI26: =IFERROR(__xludf.DUMMYFUNCTION("""COMPUTED_VALUE"""),"General Alert") -> General Alert | AJ26: =IFERROR(__xludf.DUMMYFUNCTION("""COMPUTED_VALUE"""),"Investigate root cause; increase sampling frequency to monthly") -> Investigate root cause; increase sampling frequency to monthly
A27: =IFERROR(__xludf.DUMMYFUNCTION("""COMPUTED_VALUE"""),"321.LQ145(GB)") -> 321.LQ145(GB) | B27: =IFERROR(__xludf.DUMMYFUNCTION("""COMPUTED_VALUE"""),"Gear lubrication Gear Box") -> Gear lubrication Gear Box | C27: =IFERROR(__xludf.DUMMYFUNCTION("""COMPUTED_VALUE"""),2.3116260209E10) -> 23116260209 | D27: =IFERROR(__xludf.DUMMYFUNCTION("""COMPUTED_VALUE"""),44950.0) -> 44950 | E27: =IFERROR(__xludf.DUMMYFUNCTION("""COMPUTED_VALUE"""),"Normal") -> Normal | F27: =IFERROR(__xludf.DUMMYFUNCTION("""COMPUTED_VALUE"""),"Normal") -> Normal | G27: =IFERROR(__xludf.DUMMYFUNCTION("""COMPUTED_VALUE"""),"Normal") -> Normal | H27: =IFERROR(__xludf.DUMMYFUNCTION("""COMPUTED_VALUE"""),"Normal") -> Normal | I27: =IFERROR(__xludf.DUMMYFUNCTION("""COMPUTED_VALUE"""),13193.0) -> 13193 | J27: =IFERROR(__xludf.DUMMYFUNCTION("""COMPUTED_VALUE"""),2788.0) -> 2788 | K27: =IFERROR(__xludf.DUMMYFUNCTION("""COMPUTED_VALUE"""),79.0) -> 79 | L27: =IFERROR(__xludf.DUMMYFUNCTION("""COMPUTED_VALUE"""),6.0) -> 6 | M27: =IFERROR(__xludf.DUMMYFUNCTION("""COMPUTED_VALUE"""),291.4) -> 291.4 | O27: =IFERROR(__xludf.DUMMYFUNCTION("""COMPUTED_VALUE"""),1.0) -> 1 | P27: =IFERROR(__xludf.DUMMYFUNCTION("""COMPUTED_VALUE"""),0.01) -> 0.01 | Q27: =IFERROR(__xludf.DUMMYFUNCTION("""COMPUTED_VALUE"""),0.0) -> 0 | R27: =IFERROR(__xludf.DUMMYFUNCTION("""COMPUTED_VALUE"""),13.0) -> 13 | S27: =IFERROR(__xludf.DUMMYFUNCTION("""COMPUTED_VALUE"""),0.0) -> 0 | T27: =IFERROR(__xludf.DUMMYFUNCTION("""COMPUTED_VALUE"""),1.0) -> 1 | U27: =IFERROR(__xludf.DUMMYFUNCTION("""COMPUTED_VALUE"""),23.0) -> 23 | V27: =IFERROR(__xludf.DUMMYFUNCTION("""COMPUTED_VALUE"""),0.0) -> 0 | W27: =IFERROR(__xludf.DUMMYFUNCTION("""COMPUTED_VALUE"""),0.0) -> 0 | X27: =IFERROR(__xludf.DUMMYFUNCTION("""COMPUTED_VALUE"""),1.0) -> 1 | Y27: =IFERROR(__xludf.DUMMYFUNCTION("""COMPUTED_VALUE"""),0.0) -> 0 | Z27: =IFERROR(__xludf.DUMMYFUNCTION("""COMPUTED_VALUE"""),0.0) -> 0 | AA27: =IFERROR(__xludf.DUMMYFUNCTION("""COMPUTED_VALUE"""),0.0) -> 0 | AB27: =IFERROR(__xludf.DUMMYFUNCTION("""COMPUTED_VALUE"""),7.0) -> 7 | AC27: =IFERROR(__xludf.DUMMYFUNCTION("""COMPUTED_VALUE"""),28.0) -> 28 | AD27: =IFERROR(__xludf.DUMMYFUNCTION("""COMPUTED_VALUE"""),0.0) -> 0 | AE27: =IFERROR(__xludf.DUMMYFUNCTION("""COMPUTED_VALUE"""),22.0) -> 22 | AF27: =IFERROR(__xludf.DUMMYFUNCTION("""COMPUTED_VALUE"""),0.0) -> 0 | AG27: =IFERROR(__xludf.DUMMYFUNCTION("""COMPUTED_VALUE"""),252.0) -> 252 | AH27: =IFERROR(__xludf.DUMMYFUNCTION("""COMPUTED_VALUE"""),4.0) -> 4 | AI27: =IFERROR(__xludf.DUMMYFUNCTION("""COMPUTED_VALUE"""),"Normal - No Action Required") -> Normal - No Action Required | AJ27: =IFERROR(__xludf.DUMMYFUNCTION("""COMPUTED_VALUE"""),"Continue routine monitoring and sampling schedule") -> Continue routine monitoring and sampling schedule
A28: =IFERROR(__xludf.DUMMYFUNCTION("""COMPUTED_VALUE"""),"431.KB101(1)") -> 431.KB101(1) | B28: =IFERROR(__xludf.DUMMYFUNCTION("""COMPUTED_VALUE"""),"Kiln Bearing") -> Kiln Bearing | C28: =IFERROR(__xludf.DUMMYFUNCTION("""COMPUTED_VALUE"""),2.3127705242E10) -> 23127705242 | D28: =IFERROR(__xludf.DUMMYFUNCTION("""COMPUTED_VALUE"""),45043.0) -> 45043 | E28: =IFERROR(__xludf.DUMMYFUNCTION("""COMPUTED_VALUE"""),"Alert") -> Alert | F28: =IFERROR(__xludf.DUMMYFUNCTION("""COMPUTED_VALUE"""),"Alert") -> Alert | G28: =IFERROR(__xludf.DUMMYFUNCTION("""COMPUTED_VALUE"""),"Alert") -> Alert | H28: =IFERROR(__xludf.DUMMYFUNCTION("""COMPUTED_VALUE"""),"Alert") -> Alert | L28: =IFERROR(__xludf.DUMMYFUNCTION("""COMPUTED_VALUE"""),49.0) -> 49 | M28: =IFERROR(__xludf.DUMMYFUNCTION("""COMPUTED_VALUE"""),56.0) -> 56 | O28: =IFERROR(__xludf.DUMMYFUNCTION("""COMPUTED_VALUE"""),0.0) -> 0 | Q28: =IFERROR(__xludf.DUMMYFUNCTION("""COMPUTED_VALUE"""),0.0) -> 0 | R28: =IFERROR(__xludf.DUMMYFUNCTION("""COMPUTED_VALUE"""),0.0) -> 0 | S28: =IFERROR(__xludf.DUMMYFUNCTION("""COMPUTED_VALUE"""),0.0) -> 0 | T28: =IFERROR(__xludf.DUMMYFUNCTION("""COMPUTED_VALUE"""),109.0) -> 109 | U28: =IFERROR(__xludf.DUMMYFUNCTION("""COMPUTED_VALUE"""),38.0) -> 38 | V28: =IFERROR(__xludf.DUMMYFUNCTION("""COMPUTED_VALUE"""),0.0) -> 0 | W28: =IFERROR(__xludf.DUMMYFUNCTION("""COMPUTED_VALUE"""),0.0) -> 0 | X28: =IFERROR(__xludf.DUMMYFUNCTION("""COMPUTED_VALUE"""),0.0) -> 0 | Y28: =IFERROR(__xludf.DUMMYFUNCTION("""COMPUTED_VALUE"""),12.0) -> 12 | Z28: =IFERROR(__xludf.DUMMYFUNCTION("""COMPUTED_VALUE"""),7.0) -> 7 | AA28: =IFERROR(__xludf.DUMMYFUNCTION("""COMPUTED_VALUE"""),6.0) -> 6 | AB28: =IFERROR(__xludf.DUMMYFUNCTION("""COMPUTED_VALUE"""),36.0) -> 36 | AC28: =IFERROR(__xludf.DUMMYFUNCTION("""COMPUTED_VALUE"""),15.0) -> 15 | AD28: =IFERROR(__xludf.DUMMYFUNCTION("""COMPUTED_VALUE"""),0.0) -> 0 | AE28: =IFERROR(__xludf.DUMMYFUNCTION("""COMPUTED_VALUE"""),30.0) -> 30 | AF28: =IFERROR(__xludf.DUMMYFUNCTION("""COMPUTED_VALUE"""),0.0) -> 0 | AG28: =IFERROR(__xludf.DUMMYFUNCTION("""COMPUTED_VALUE"""),182.0) -> 182 | AH28: =IFERROR(__xludf.DUMMYFUNCTION("""COMPUTED_VALUE"""),0.0) -> 0 | AI28: =IFERROR(__xludf.DUMMYFUNCTION("""COMPUTED_VALUE"""),"Wear Metal Alert") -> Wear Metal Alert | AJ28: =IFERROR(__xludf.DUMMYFUNCTION("""COMPUTED_VALUE"""),"URGENT: Inspect equipment immediately for wear/damage; High wear metals - inspect bearing/gear surfaces; Elevated silicon - inspect filters and seals for contamination") -> URGENT: Inspect equipment immediately for wear/damage; High wear metals - inspect bearing/gear surfaces; Elevated silicon - inspect filters and seals for contamination
A29: =IFERROR(__xludf.DUMMYFUNCTION("""COMPUTED_VALUE"""),"431.KB101(2)") -> 431.KB101(2) | B29: =IFERROR(__xludf.DUMMYFUNCTION("""COMPUTED_VALUE"""),"Kiln Bearing") -> Kiln Bearing | C29: =IFERROR(__xludf.DUMMYFUNCTION("""COMPUTED_VALUE"""),2.3127705249E10) -> 23127705249 | D29: =IFERROR(__xludf.DUMMYFUNCTION("""COMPUTED_VALUE"""),45043.0) -> 45043 | E29: =IFERROR(__xludf.DUMMYFUNCTION("""COMPUTED_VALUE"""),"Alert") -> Alert | F29: =IFERROR(__xludf.DUMMYFUNCTION("""COMPUTED_VALUE"""),"Alert") -> Alert | G29: =IFERROR(__xludf.DUMMYFUNCTION("""COMPUTED_VALUE"""),"Alert") -> Alert | H29: =IFERROR(__xludf.DUMMYFUNCTION("""COMPUTED_VALUE"""),"Alert") -> Alert | L29: =IFERROR(__xludf.DUMMYFUNCTION("""COMPUTED_VALUE"""),42.0) -> 42 | M29: =IFERROR(__xludf.DUMMYFUNCTION("""COMPUTED_VALUE"""),55.3) -> 55.3 | O29: =IFERROR(__xludf.DUMMYFUNCTION("""COMPUTED_VALUE"""),0.0) -> 0 | Q29: =IFERROR(__xludf.DUMMYFUNCTION("""COMPUTED_VALUE"""),0.0) -> 0 | R29: =IFERROR(__xludf.DUMMYFUNCTION("""COMPUTED_VALUE"""),17.0) -> 17 | S29: =IFERROR(__xludf.DUMMYFUNCTION("""COMPUTED_VALUE"""),0.0) -> 0 | T29: =IFERROR(__xludf.DUMMYFUNCTION("""COMPUTED_VALUE"""),25.0) -> 25 | U29: =IFERROR(__xludf.DUMMYFUNCTION("""COMPUTED_VALUE"""),80.0) -> 80 | V29: =IFERROR(__xludf.DUMMYFUNCTION("""COMPUTED_VALUE"""),0.0) -> 0 | W29: =IFERROR(__xludf.DUMMYFUNCTION("""COMPUTED_VALUE"""),0.0) -> 0 | X29: =IFERROR(__xludf.DUMMYFUNCTION("""COMPUTED_VALUE"""),73.0) -> 73 | Y29: =IFERROR(__xludf.DUMMYFUNCTION("""COMPUTED_VALUE"""),0.0) -> 0 | Z29: =IFERROR(__xludf.DUMMYFUNCTION("""COMPUTED_VALUE"""),10.0) -> 10 | AA29: =IFERROR(__xludf.DUMMYFUNCTION("""COMPUTED_VALUE"""),15.0) -> 15 | AB29: =IFERROR(__xludf.DUMMYFUNCTION("""COMPUTED_VALUE"""),75.0) -> 75 | AC29: =IFERROR(__xludf.DUMMYFUNCTION("""COMPUTED_VALUE"""),25.0) -> 25 | AD29: =IFERROR(__xludf.DUMMYFUNCTION("""COMPUTED_VALUE"""),0.0) -> 0 | AE29: =IFERROR(__xludf.DUMMYFUNCTION("""COMPUTED_VALUE"""),234.0) -> 234 | AF29: =IFERROR(__xludf.DUMMYFUNCTION("""COMPUTED_VALUE"""),13.0) -> 13 | AG29: =IFERROR(__xludf.DUMMYFUNCTION("""COMPUTED_VALUE"""),292.0) -> 292 | AH29: =IFERROR(__xludf.DUMMYFUNCTION("""COMPUTED_VALUE"""),10.0) -> 10 | AI29: =IFERROR(__xludf.DUMMYFUNCTION("""COMPUTED_VALUE"""),"Wear Metal Alert | Contamination Alert") -> Wear Metal Alert | Contamination Alert | AJ29: =IFERROR(__xludf.DUMMYFUNCTION("""COMPUTED_VALUE"""),"URGENT: Inspect equipment immediately for wear/damage; Elevated silicon - inspect filters and seals for contamination") -> URGENT: Inspect equipment immediately for wear/damage; Elevated silicon - inspect filters and seals for contamination
A30: =IFERROR(__xludf.DUMMYFUNCTION("""COMPUTED_VALUE"""),"431.KB101(3)") -> 431.KB101(3) | B30: =IFERROR(__xludf.DUMMYFUNCTION("""COMPUTED_VALUE"""),"Kiln Bearing") -> Kiln Bearing | C30: =IFERROR(__xludf.DUMMYFUNCTION("""COMPUTED_VALUE"""),2.3127705247E10) -> 23127705247 | D30: =IFERROR(__xludf.DUMMYFUNCTION("""COMPUTED_VALUE"""),45043.0) -> 45043 | E30: =IFERROR(__xludf.DUMMYFUNCTION("""COMPUTED_VALUE"""),"Alert") -> Alert | F30: =IFERROR(__xludf.DUMMYFUNCTION("""COMPUTED_VALUE"""),"Alert") -> Alert | G30: =IFERROR(__xludf.DUMMYFUNCTION("""COMPUTED_VALUE"""),"Normal") -> Normal | H30: =IFERROR(__xludf.DUMMYFUNCTION("""COMPUTED_VALUE"""),"Alert") -> Alert | L30: =IFERROR(__xludf.DUMMYFUNCTION("""COMPUTED_VALUE"""),17.0) -> 17 | M30: =IFERROR(__xludf.DUMMYFUNCTION("""COMPUTED_VALUE"""),60.2) -> 60.2 | O30: =IFERROR(__xludf.DUMMYFUNCTION("""COMPUTED_VALUE"""),0.0) -> 0 | Q30: =IFERROR(__xludf.DUMMYFUNCTION("""COMPUTED_VALUE"""),0.0) -> 0 | R30: =IFERROR(__xludf.DUMMYFUNCTION("""COMPUTED_VALUE"""),0.0) -> 0 | S30: =IFERROR(__xludf.DUMMYFUNCTION("""COMPUTED_VALUE"""),0.0) -> 0 | T30: =IFERROR(__xludf.DUMMYFUNCTION("""COMPUTED_VALUE"""),26.0) -> 26 | U30: =IFERROR(__xludf.DUMMYFUNCTION("""COMPUTED_VALUE"""),15.0) -> 15 | V30: =IFERROR(__xludf.DUMMYFUNCTION("""COMPUTED_VALUE"""),0.0) -> 0 | W30: =IFERROR(__xludf.DUMMYFUNCTION("""COMPUTED_VALUE"""),0.0) -> 0 | X30: =IFERROR(__xludf.DUMMYFUNCTION("""COMPUTED_VALUE"""),0.0) -> 0 | Y30: =IFERROR(__xludf.DUMMYFUNCTION("""COMPUTED_VALUE"""),0.0) -> 0 | Z30: =IFERROR(__xludf.DUMMYFUNCTION("""COMPUTED_VALUE"""),8.0) -> 8 | AA30: =IFERROR(__xludf.DUMMYFUNCTION("""COMPUTED_VALUE"""),6.0) -> 6 | AB30: =IFERROR(__xludf.DUMMYFUNCTION("""COMPUTED_VALUE"""),22.0) -> 22 | AC30: =IFERROR(__xludf.DUMMYFUNCTION("""COMPUTED_VALUE"""),18.0) -> 18 | AD30: =IFERROR(__xludf.DUMMYFUNCTION("""COMPUTED_VALUE"""),0.0) -> 0 | AE30: =IFERROR(__xludf.DUMMYFUNCTION("""COMPUTED_VALUE"""),16.0) -> 16 | AF30: =IFERROR(__xludf.DUMMYFUNCTION("""COMPUTED_VALUE"""),0.0) -> 0 | AG30: =IFERROR(__xludf.DUMMYFUNCTION("""COMPUTED_VALUE"""),195.0) -> 195 | AH30: =IFERROR(__xludf.DUMMYFUNCTION("""COMPUTED_VALUE"""),5.0) -> 5 | AI30: =IFERROR(__xludf.DUMMYFUNCTION("""COMPUTED_VALUE"""),"General Alert") -> General Alert | AJ30: =IFERROR(__xludf.DUMMYFUNCTION("""COMPUTED_VALUE"""),"Investigate root cause; increase sampling frequency to monthly") -> Investigate root cause; increase sampling frequency to monthly
A31: =IFERROR(__xludf.DUMMYFUNCTION("""COMPUTED_VALUE"""),"431.KB101(4)") -> 431.KB101(4) | B31: =IFERROR(__xludf.DUMMYFUNCTION("""COMPUTED_VALUE"""),"Kiln Bearing") -> Kiln Bearing | C31: =IFERROR(__xludf.DUMMYFUNCTION("""COMPUTED_VALUE"""),2.3127705255E10) -> 23127705255 | D31: =IFERROR(__xludf.DUMMYFUNCTION("""COMPUTED_VALUE"""),45043.0) -> 45043 | E31: =IFERROR(__xludf.DUMMYFUNCTION("""COMPUTED_VALUE"""),"Alert") -> Alert | F31: =IFERROR(__xludf.DUMMYFUNCTION("""COMPUTED_VALUE"""),"Alert") -> Alert | G31: =IFERROR(__xludf.DUMMYFUNCTION("""COMPUTED_VALUE"""),"Alert") -> Alert | H31: =IFERROR(__xludf.DUMMYFUNCTION("""COMPUTED_VALUE"""),"Alert") -> Alert | L31: =IFERROR(__xludf.DUMMYFUNCTION("""COMPUTED_VALUE"""),32.0) -> 32 | M31: =IFERROR(__xludf.DUMMYFUNCTION("""COMPUTED_VALUE"""),54.0) -> 54 | O31: =IFERROR(__xludf.DUMMYFUNCTION("""COMPUTED_VALUE"""),0.0) -> 0 | P31: =IFERROR(__xludf.DUMMYFUNCTION("""COMPUTED_VALUE"""),0.1) -> 0.1 | Q31: =IFERROR(__xludf.DUMMYFUNCTION("""COMPUTED_VALUE"""),0.0) -> 0 | R31: =IFERROR(__xludf.DUMMYFUNCTION("""COMPUTED_VALUE"""),4.0) -> 4 | S31: =IFERROR(__xludf.DUMMYFUNCTION("""COMPUTED_VALUE"""),1.0) -> 1 | T31: =IFERROR(__xludf.DUMMYFUNCTION("""COMPUTED_VALUE"""),57.0) -> 57 | U31: =IFERROR(__xludf.DUMMYFUNCTION("""COMPUTED_VALUE"""),23.0) -> 23 | V31: =IFERROR(__xludf.DUMMYFUNCTION("""COMPUTED_VALUE"""),1.0) -> 1 | W31: =IFERROR(__xludf.DUMMYFUNCTION("""COMPUTED_VALUE"""),0.0) -> 0 | X31: =IFERROR(__xludf.DUMMYFUNCTION("""COMPUTED_VALUE"""),2.0) -> 2 | Y31: =IFERROR(__xludf.DUMMYFUNCTION("""COMPUTED_VALUE"""),4.0) -> 4 | Z31: =IFERROR(__xludf.DUMMYFUNCTION("""COMPUTED_VALUE"""),17.0) -> 17 | AA31: =IFERROR(__xludf.DUMMYFUNCTION("""COMPUTED_VALUE"""),10.0) -> 10 | AB31: =IFERROR(__xludf.DUMMYFUNCTION("""COMPUTED_VALUE"""),31.0) -> 31 | AC31: =IFERROR(__xludf.DUMMYFUNCTION("""COMPUTED_VALUE"""),46.0) -> 46 | AD31: =IFERROR(__xludf.DUMMYFUNCTION("""COMPUTED_VALUE"""),0.0) -> 0 | AE31: =IFERROR(__xludf.DUMMYFUNCTION("""COMPUTED_VALUE"""),7.0) -> 7 | AF31: =IFERROR(__xludf.DUMMYFUNCTION("""COMPUTED_VALUE"""),2.0) -> 2 | AG31: =IFERROR(__xludf.DUMMYFUNCTION("""COMPUTED_VALUE"""),189.0) -> 189 | AH31: =IFERROR(__xludf.DUMMYFUNCTION("""COMPUTED_VALUE"""),1.0) -> 1 | AI31: =IFERROR(__xludf.DUMMYFUNCTION("""COMPUTED_VALUE"""),"Wear Metal Alert") -> Wear Metal Alert | AJ31: =IFERROR(__xludf.DUMMYFUNCTION("""COMPUTED_VALUE"""),"URGENT: Inspect equipment immediately for wear/damage; Elevated silicon - inspect filters and seals for contamination") -> URGENT: Inspect equipment immediately for wear/damage; Elevated silicon - inspect filters and seals for contamination
A32: =IFERROR(__xludf.DUMMYFUNCTION("""COMPUTED_VALUE"""),"431.KB102(1)") -> 431.KB102(1) | B32: =IFERROR(__xludf.DUMMYFUNCTION("""COMPUTED_VALUE"""),"Kiln Bearing") -> Kiln Bearing | C32: =IFERROR(__xludf.DUMMYFUNCTION("""COMPUTED_VALUE"""),2.3127705245E10) -> 23127705245 | D32: =IFERROR(__xludf.DUMMYFUNCTION("""COMPUTED_VALUE"""),45043.0) -> 45043 | E32: =IFERROR(__xludf.DUMMYFUNCTION("""COMPUTED_VALUE"""),"Alert") -> Alert | F32: =IFERROR(__xludf.DUMMYFUNCTION("""COMPUTED_VALUE"""),"Alert") -> Alert | G32: =IFERROR(__xludf.DUMMYFUNCTION("""COMPUTED_VALUE"""),"Caution") -> Caution | H32: =IFERROR(__xludf.DUMMYFUNCTION("""COMPUTED_VALUE"""),"Alert") -> Alert | L32: =IFERROR(__xludf.DUMMYFUNCTION("""COMPUTED_VALUE"""),15.0) -> 15 | M32: =IFERROR(__xludf.DUMMYFUNCTION("""COMPUTED_VALUE"""),56.6) -> 56.6 | O32: =IFERROR(__xludf.DUMMYFUNCTION("""COMPUTED_VALUE"""),0.0) -> 0 | Q32: =IFERROR(__xludf.DUMMYFUNCTION("""COMPUTED_VALUE"""),0.0) -> 0 | R32: =IFERROR(__xludf.DUMMYFUNCTION("""COMPUTED_VALUE"""),0.0) -> 0 | S32: =IFERROR(__xludf.DUMMYFUNCTION("""COMPUTED_VALUE"""),0.0) -> 0 | T32: =IFERROR(__xludf.DUMMYFUNCTION("""COMPUTED_VALUE"""),48.0) -> 48 | U32: =IFERROR(__xludf.DUMMYFUNCTION("""COMPUTED_VALUE"""),10.0) -> 10 | V32: =IFERROR(__xludf.DUMMYFUNCTION("""COMPUTED_VALUE"""),0.0) -> 0 | W32: =IFERROR(__xludf.DUMMYFUNCTION("""COMPUTED_VALUE"""),0.0) -> 0 | X32: =IFERROR(__xludf.DUMMYFUNCTION("""COMPUTED_VALUE"""),0.0) -> 0 | Y32: =IFERROR(__xludf.DUMMYFUNCTION("""COMPUTED_VALUE"""),0.0) -> 0 | Z32: =IFERROR(__xludf.DUMMYFUNCTION("""COMPUTED_VALUE"""),2.0) -> 2 | AA32: =IFERROR(__xludf.DUMMYFUNCTION("""COMPUTED_VALUE"""),6.0) -> 6 | AB32: =IFERROR(__xludf.DUMMYFUNCTION("""COMPUTED_VALUE"""),31.0) -> 31 | AC32: =IFERROR(__xludf.DUMMYFUNCTION("""COMPUTED_VALUE"""),29.0) -> 29 | AD32: =IFERROR(__xludf.DUMMYFUNCTION("""COMPUTED_VALUE"""),0.0) -> 0 | AE32: =IFERROR(__xludf.DUMMYFUNCTION("""COMPUTED_VALUE"""),17.0) -> 17 | AF32: =IFERROR(__xludf.DUMMYFUNCTION("""COMPUTED_VALUE"""),0.0) -> 0 | AG32: =IFERROR(__xludf.DUMMYFUNCTION("""COMPUTED_VALUE"""),250.0) -> 250 | AH32: =IFERROR(__xludf.DUMMYFUNCTION("""COMPUTED_VALUE"""),8.0) -> 8 | AI32: =IFERROR(__xludf.DUMMYFUNCTION("""COMPUTED_VALUE"""),"General Alert") -> General Alert | AJ32: =IFERROR(__xludf.DUMMYFUNCTION("""COMPUTED_VALUE"""),"Elevated silicon - inspect filters and seals for contamination") -> Elevated silicon - inspect filters and seals for contamination
A33: =IFERROR(__xludf.DUMMYFUNCTION("""COMPUTED_VALUE"""),"431.KB102(2)") -> 431.KB102(2) | B33: =IFERROR(__xludf.DUMMYFUNCTION("""COMPUTED_VALUE"""),"Kiln Bearing") -> Kiln Bearing | C33: =IFERROR(__xludf.DUMMYFUNCTION("""COMPUTED_VALUE"""),2.3127705237E10) -> 23127705237 | D33: =IFERROR(__xludf.DUMMYFUNCTION("""COMPUTED_VALUE"""),45043.0) -> 45043 | E33: =IFERROR(__xludf.DUMMYFUNCTION("""COMPUTED_VALUE"""),"Alert") -> Alert | F33: =IFERROR(__xludf.DUMMYFUNCTION("""COMPUTED_VALUE"""),"Alert") -> Alert | G33: =IFERROR(__xludf.DUMMYFUNCTION("""COMPUTED_VALUE"""),"Normal") -> Normal | H33: =IFERROR(__xludf.DUMMYFUNCTION("""COMPUTED_VALUE"""),"Alert") -> Alert | L33: =IFERROR(__xludf.DUMMYFUNCTION("""COMPUTED_VALUE"""),10.0) -> 10 | M33: =IFERROR(__xludf.DUMMYFUNCTION("""COMPUTED_VALUE"""),57.2) -> 57.2 | O33: =IFERROR(__xludf.DUMMYFUNCTION("""COMPUTED_VALUE"""),0.0) -> 0 | Q33: =IFERROR(__xludf.DUMMYFUNCTION("""COMPUTED_VALUE"""),0.0) -> 0 | R33: =IFERROR(__xludf.DUMMYFUNCTION("""COMPUTED_VALUE"""),0.0) -> 0 | S33: =IFERROR(__xludf.DUMMYFUNCTION("""COMPUTED_VALUE"""),0.0) -> 0 | T33: =IFERROR(__xludf.DUMMYFUNCTION("""COMPUTED_VALUE"""),16.0) -> 16 | U33: =IFERROR(__xludf.DUMMYFUNCTION("""COMPUTED_VALUE"""),4.0) -> 4 | V33: =IFERROR(__xludf.DUMMYFUNCTION("""COMPUTED_VALUE"""),0.0) -> 0 | W33: =IFERROR(__xludf.DUMMYFUNCTION("""COMPUTED_VALUE"""),0.0) -> 0 | X33: =IFERROR(__xludf.DUMMYFUNCTION("""COMPUTED_VALUE"""),0.0) -> 0 | Y33: =IFERROR(__xludf.DUMMYFUNCTION("""COMPUTED_VALUE"""),0.0) -> 0 | Z33: =IFERROR(__xludf.DUMMYFUNCTION("""COMPUTED_VALUE"""),0.0) -> 0 | AA33: =IFERROR(__xludf.DUMMYFUNCTION("""COMPUTED_VALUE"""),0.0) -> 0 | AB33: =IFERROR(__xludf.DUMMYFUNCTION("""COMPUTED_VALUE"""),27.0) -> 27 | AC33: =IFERROR(__xludf.DUMMYFUNCTION("""COMPUTED_VALUE"""),27.0) -> 27 | AD33: =IFERROR(__xludf.DUMMYFUNCTION("""COMPUTED_VALUE"""),0.0) -> 0 | AE33: =IFERROR(__xludf.DUMMYFUNCTION("""COMPUTED_VALUE"""),4.0) -> 4 | AF33: =IFERROR(__xludf.DUMMYFUNCTION("""COMPUTED_VALUE"""),3.0) -> 3 | AG33: =IFERROR(__xludf.DUMMYFUNCTION("""COMPUTED_VALUE"""),185.0) -> 185 | AH33: =IFERROR(__xludf.DUMMYFUNCTION("""COMPUTED_VALUE"""),0.0) -> 0 | AI33: =IFERROR(__xludf.DUMMYFUNCTION("""COMPUTED_VALUE"""),"General Alert") -> General Alert | AJ33: =IFERROR(__xludf.DUMMYFUNCTION("""COMPUTED_VALUE"""),"Investigate root cause; increase sampling frequency to monthly") -> Investigate root cause; increase sampling frequency to monthly
